guuid,blatem_buj2b,blactxm_buj2be,blashv_buj2b,blaoxa_buj2d,blaother_bla,ampcprother_sigampcpr,temprother_sigtem,ompnon_functioning,inagar,prediction_exclusion,mlst,mlst_cat,mlst_131,mlst_95,mlst_73,mlst_69,complete_agardil
AMC_0,0,0,0,0,0,0,0,0,False,0,550.0,OTHER,0,0,0,0,0
AMC_1,1.6520901000000001,0,0,0,0,0,1,0,True,0,73.0,73,0,0,1,0,1
AMC_2,1.9057453999999998,0,0,0,0,0,1,0,True,0,131.0,131,1,0,0,0,1
AMC_3,0,0,0,2.9588148999999997,0,0,0,0,False,0,131.0,131,1,0,0,0,0
AMC_4,4.466827400000001,0,0,0,0,0,0,0,False,0,131.0,131,1,0,0,0,0
AMC_5,1.2282110000000002,0,0,0,0,0,0,0,False,0,10.0,OTHER,0,0,0,0,0
AMC_6,0,0,1.7045613999999998,0,0,0,0,0,True,0,12.0,OTHER,0,0,0,0,1
AMC_7,0,0,0,0,1,0,0,0,True,0,131.0,131,1,0,0,0,1
AMC_8,0,0,0,0,0,0,0,0,False,0,409.0,OTHER,0,0,0,0,0
AMC_9,2.1799934,0,0,0,0,0,0,0,False,0,69.0,69,0,0,0,1,0
AMC_10,3.8191328,0,0,0,0,0,0,0,True,0,10.0,OTHER,0,0,0,0,1
AMC_11,0,0,0,0,0,0,0,0,False,0,73.0,73,0,0,1,0,0
AMC_12,0,0,0,0,0,0,0,0,False,0,95.0,95,0,1,0,0,0
AMC_13,0,0,0,0,0,0,0,0,False,0,95.0,95,0,1,0,0,0
AMC_14,0,0,0,0,0,0,0,0,False,0,73.0,73,0,0,1,0,0
AMC_15,0,1.1791518,0,0,0,0,0,0,False,0,131.0,131,1,0,0,0,0
AMC_16,15.098101999999999,0,0,0,0,0,0,0,False,0,73.0,73,0,0,1,0,0
AMC_17,0,0,0,0,0,0,0,0,False,0,73.0,73,0,0,1,0,0
AMC_18,0,0,0,0,0,0,0,0,False,0,88.0,OTHER,0,0,0,0,0
AMC_19,0,2.1586049,0,3.22,0,0,0,0,True,0,131.0,131,1,0,0,0,1
AMC_20,0,0,0,0,0,0,0,0,False,0,73.0,73,0,0,1,0,0
AMC_21,0,0,0,0,0,0,0,0,False,0,12.0,OTHER,0,0,0,0,0
AMC_22,1.3706293999999999,0,0,0,0,0,0,0,False,0,23.0,OTHER,0,0,0,0,0
AMC_23,0,0,0,0,0,0,0,0,False,0,95.0,95,0,1,0,0,0
AMC_24,0,0,0,0,0,0,0,0,False,0,155.0,OTHER,0,0,0,0,0
AMC_25,0,0,0,0,0,0,0,0,False,0,131.0,131,1,0,0,0,0
AMC_26,2.0099008,0,0,0,0,0,0,0,False,0,2619.0,OTHER,0,0,0,0,0
AMC_27,0,0,0,0,0,0,0,0,False,0,635.0,OTHER,0,0,0,0,0
AMC_28,0,0,0,0,0,0,0,0,True,0,2521.0,OTHER,0,0,0,0,1
AMC_29,16.933632,0,0,0,0,0,0,0,True,0,73.0,73,0,0,1,0,1
AMC_30,2.0896468,0,0,0,0,0,0,0,False,0,69.0,69,0,0,0,1,0
AMC_31,0,0,0,0,0,0,0,0,False,0,127.0,OTHER,0,0,0,0,0
AMC_32,3.7305741,0,0,0,0,0,0,0,True,0,69.0,69,0,0,0,1,1
AMC_33,0,0,0,0,0,0,0,0,False,0,162.0,OTHER,0,0,0,0,0
AMC_34,0,0,0,0,0,0,0,0,False,0,5484.0,OTHER,0,0,0,0,0
AMC_35,0,0,0,0,0,0,0,0,False,0,95.0,95,0,1,0,0,0
AMC_36,0,0,1.2523183999999998,0,0,0,0,0,True,0,73.0,73,0,0,1,0,1
AMC_37,2.6546687999999996,0,0,0,0,0,0,0,False,0,48.0,OTHER,0,0,0,0,0
AMC_38,0,0,0,0,0,0,0,0,False,0,73.0,73,0,0,1,0,0
AMC_39,0,0,0,0,0,0,0,0,False,0,95.0,95,0,1,0,0,0
AMC_40,1.4536924,0,0,0,0,0,0,0,False,0,95.0,95,0,1,0,0,0
AMC_41,0,0,0,0,0,0,0,0,False,0,95.0,95,0,1,0,0,0
AMC_42,0,0,0,0,0,0,0,0,False,0,1057.0,OTHER,0,0,0,0,0
AMC_43,2.3710895,0,0,0,0,1,0,1,True,0,88.0,OTHER,0,0,0,0,1
AMC_44,2.3514645,0,0,0,0,0,0,0,True,0,69.0,69,0,0,0,1,1
AMC_45,1.7431463,0,0,0,0,0,0,0,False,0,5208.0,OTHER,0,0,0,0,0
AMC_46,16.864815,0,0,0,0,0,0,0,False,0,73.0,73,0,0,1,0,0
AMC_47,0,0,0,0,0,0,0,0,False,0,73.0,73,0,0,1,0,0
AMC_48,2.4552994,0,0,0,0,0,0,0,False,0,95.0,95,0,1,0,0,0
AMC_49,0,0,0,0,0,0,0,0,False,0,73.0,73,0,0,1,0,0
AMC_50,2.4632912,0,0,0,0,0,0,0,False,0,569.0,OTHER,0,0,0,0,0
AMC_51,1.7191874,0,0,0,0,0,0,0,True,0,95.0,95,0,1,0,0,1
AMC_52,0,0,0,0,0,0,0,0,False,0,nan,OTHER,0,0,0,0,0
AMC_53,0,0,0,0,0,0,0,0,False,0,676.0,OTHER,0,0,0,0,0
AMC_54,0,0,0,0,0,0,0,0,False,0,131.0,131,1,0,0,0,0
AMC_55,0,0,0,0,0,0,0,0,False,0,73.0,73,0,0,1,0,0
AMC_56,5.8478708,0,0,0,0,0,0,0,False,0,69.0,69,0,0,0,1,0
AMC_57,0,0,0,0,0,0,0,0,False,0,73.0,73,0,0,1,0,0
AMC_58,1.9574168,0,0,0,0,0,1,0,True,0,73.0,73,0,0,1,0,1
AMC_59,0,0,0,0,0,0,0,0,False,0,95.0,95,0,1,0,0,0
AMC_60,0,0,0,0,0,0,0,0,False,0,80.0,OTHER,0,0,0,0,0
AMC_61,11.673717,0,0,0,0,0,0,0,True,0,69.0,69,0,0,0,1,1
AMC_62,0,0,0,0,0,0,0,0,False,0,127.0,OTHER,0,0,0,0,0
AMC_63,10.014560000000001,0,0,0,0,0,0,1,True,0,1674.0,OTHER,0,0,0,0,1
AMC_64,0,0,0,0,0,0,0,0,False,0,131.0,131,1,0,0,0,0
AMC_65,0,0,0,0,0,0,0,0,False,0,131.0,131,1,0,0,0,0
AMC_66,0,0,0,0,0,0,0,0,False,0,131.0,131,1,0,0,0,0
AMC_67,0,0,0,0,0,0,0,0,False,0,95.0,95,0,1,0,0,0
AMC_68,0,0,0,2.4733113999999996,0,0,0,0,True,0,91.0,OTHER,0,0,0,0,1
AMC_69,0,0,1.8640740000000002,0,0,0,0,0,False,0,73.0,73,0,0,1,0,0
AMC_70,0,0,0,0,0,0,0,0,False,0,544.0,OTHER,0,0,0,0,0
AMC_71,0,1.9388275000000001,0,1.4481734,0,0,0,0,False,0,410.0,OTHER,0,0,0,0,0
AMC_72,0,0,0,0,0,0,0,0,False,0,nan,OTHER,0,0,0,0,0
AMC_73,0,0,0,0,0,0,0,0,False,0,73.0,73,0,0,1,0,0
AMC_74,0,0,0,0,0,0,0,0,False,0,95.0,95,0,1,0,0,0
AMC_75,0,0,0,0,0,0,0,0,False,0,95.0,95,0,1,0,0,0
AMC_76,0,0,0,0,0,0,0,0,False,0,nan,OTHER,0,0,0,0,0
AMC_77,12.669344,0,0,0,0,0,1,0,True,0,88.0,OTHER,0,0,0,0,1
AMC_78,34.440521000000004,0,0,0,0,0,0,0,True,0,428.0,OTHER,0,0,0,0,1
AMC_79,0,0,0,0,0,0,0,0,False,0,537.0,OTHER,0,0,0,0,0
AMC_80,0,0,0,0,0,0,0,0,False,0,73.0,73,0,0,1,0,0
AMC_81,4.3782034,0,0,0,0,0,0,0,False,0,405.0,OTHER,0,0,0,0,0
AMC_82,0,1.7280119999999999,0,0,0,0,0,0,True,0,95.0,95,0,1,0,0,1
AMC_83,2.7617648,0,0,0,0,0,0,0,False,0,144.0,OTHER,0,0,0,0,0
AMC_84,0,0,0,0,0,0,0,0,False,0,405.0,OTHER,0,0,0,0,0
AMC_85,0,0,0,0,0,0,0,0,False,0,404.0,OTHER,0,0,0,0,0
AMC_86,6.1616278,0,0,0,0,0,0,1,True,0,69.0,69,0,0,0,1,1
AMC_87,0,0,0,0,0,0,0,0,True,0,nan,OTHER,0,0,0,0,1
AMC_88,0,0,0,0,0,0,0,0,False,0,978.0,OTHER,0,0,0,0,0
AMC_89,2.0862534,0,0,0,0,0,0,0,False,0,69.0,69,0,0,0,1,0
AMC_90,1.2359601999999998,0,0,0,0,0,1,0,False,0,12.0,OTHER,0,0,0,0,0
AMC_91,0,0,0,0,0,0,0,0,False,0,12.0,OTHER,0,0,0,0,0
AMC_92,0,0,0,0,0,0,0,0,False,0,127.0,OTHER,0,0,0,0,0
AMC_93,0,0,0,0,0,0,0,0,False,0,nan,OTHER,0,0,0,0,0
AMC_94,0,0,0,0,0,0,0,0,False,0,12.0,OTHER,0,0,0,0,0
AMC_95,0,0,0,0,0,0,0,0,False,0,12.0,OTHER,0,0,0,0,0
AMC_96,2.1666665000000003,0,0,0,0,0,0,0,False,0,69.0,69,0,0,0,1,0
AMC_97,0,1.1601778999999999,0,2.3982201,0,0,0,0,True,0,131.0,131,1,0,0,0,1
AMC_98,0,0,0,3.5645665999999996,0,0,0,0,True,0,131.0,131,1,0,0,0,1
AMC_99,2.2730005,0,0,0,0,0,0,0,False,0,69.0,69,0,0,0,1,0
AMC_100,0,2.4979839,0,0,0,0,0,0,False,0,357.0,OTHER,0,0,0,0,0
AMC_101,0,0,0,0,0,0,0,0,False,0,69.0,69,0,0,0,1,0
AMC_102,0,0,0,0,0,0,0,0,False,0,95.0,95,0,1,0,0,0
AMC_103,0,0,0,0,0,0,0,0,False,0,73.0,73,0,0,1,0,0
AMC_104,6.8932924,0,0,0,0,0,0,0,True,0,69.0,69,0,0,0,1,1
AMC_105,0,2.1162791000000003,0,2.4975519,0,0,0,0,True,0,131.0,131,1,0,0,0,1
AMC_106,1.6369711,0,0,0,0,0,0,0,False,0,69.0,69,0,0,0,1,0
AMC_107,4.5276136,0,0,0,0,0,0,0,False,0,624.0,OTHER,0,0,0,0,0
AMC_108,0,0,0,0,0,1,0,0,False,0,34.0,OTHER,0,0,0,0,0
AMC_109,0,0,0,0,0,0,0,0,False,0,127.0,OTHER,0,0,0,0,0
AMC_110,0,0,0,0,0,0,0,0,False,0,73.0,73,0,0,1,0,0
AMC_111,0,0,0,0,0,0,0,0,False,0,131.0,131,1,0,0,0,0
AMC_112,2.004055,0,0,0,0,0,0,0,False,0,69.0,69,0,0,0,1,0
AMC_113,0,1.8385543000000002,0,1.8771084999999998,0,0,0,1,False,0,131.0,131,1,0,0,0,0
AMC_114,1.1039337,0,0,0,0,0,1,0,False,0,12.0,OTHER,0,0,0,0,0
AMC_115,0,0,0,0,0,0,0,0,False,0,nan,OTHER,0,0,0,0,0
AMC_116,2.8280802000000005,2.1127031,0,3.6203439,0,0,0,1,True,0,131.0,131,1,0,0,0,1
AMC_117,0,0,0,0,0,0,0,0,False,0,7523.0,OTHER,0,0,0,0,0
AMC_118,0,0,0,0,0,0,0,0,False,0,127.0,OTHER,0,0,0,0,0
AMC_119,1.9433962,0,0,0,0,0,0,0,True,0,69.0,69,0,0,0,1,1
AMC_120,29.092602000000003,0,0,0,0,0,0,0,False,0,62.0,OTHER,0,0,0,0,0
AMC_121,8.438580499999999,0,0,0,0,0,0,1,False,0,nan,OTHER,0,0,0,0,0
AMC_122,0,0,0,0,0,0,0,0,False,0,73.0,73,0,0,1,0,0
AMC_123,0,2.6764705,0,3.3601055,0,0,0,0,True,0,131.0,131,1,0,0,0,1
AMC_124,3.2794611000000002,0,0,0,0,0,0,0,True,0,nan,OTHER,0,0,0,0,1
AMC_125,0,0,0,0,0,0,0,0,False,0,69.0,69,0,0,0,1,0
AMC_126,0,0,0,0,0,0,0,0,False,0,73.0,73,0,0,1,0,0
AMC_127,0,0,0,0,0,0,0,0,False,0,73.0,73,0,0,1,0,0
AMC_128,0,0,0,0,0,0,0,0,False,0,73.0,73,0,0,1,0,0
AMC_129,0,0,0,0,0,0,0,0,False,0,95.0,95,0,1,0,0,0
AMC_130,4.1916418,0,0,0,0,0,0,0,False,0,69.0,69,0,0,0,1,0
AMC_131,0,0,0,0,0,0,0,0,False,0,648.0,OTHER,0,0,0,0,0
AMC_132,0,0,0,0,0,0,0,0,False,0,12.0,OTHER,0,0,0,0,0
AMC_133,0,0,0,0,0,0,0,0,False,0,144.0,OTHER,0,0,0,0,0
AMC_134,4.7586675000000005,0,0,0,0,0,0,0,False,0,23.0,OTHER,0,0,0,0,0
AMC_135,1.4802680000000001,0,0,0,0,0,0,0,False,0,69.0,69,0,0,0,1,0
AMC_136,0,0,0,0,0,0,0,0,False,0,5566.0,OTHER,0,0,0,0,0
AMC_137,0,0,0,0,0,0,0,0,False,0,nan,OTHER,0,0,0,0,0
AMC_138,0,0,0,0,0,0,0,0,False,0,1193.0,OTHER,0,0,0,0,0
AMC_139,4.387989,0,0,0,0,0,0,0,False,0,131.0,131,1,0,0,0,0
AMC_140,0,0,0,0,0,0,0,0,True,0,88.0,OTHER,0,0,0,0,1
AMC_141,2.4826324,0,0,0,0,0,0,0,True,0,73.0,73,0,0,1,0,1
AMC_142,0,0,0,0,0,0,0,0,False,1,167.0,OTHER,0,0,0,0,0
AMC_143,0,0,0,0,0,0,0,0,False,0,1670.0,OTHER,0,0,0,0,0
AMC_144,0,1.2238307,0,0,0,0,0,0,False,0,1193.0,OTHER,0,0,0,0,0
AMC_145,14.064816,0,0,0,0,0,0,0,True,0,nan,OTHER,0,0,0,0,1
AMC_146,0,0,0,0,0,0,0,0,False,0,399.0,OTHER,0,0,0,0,0
AMC_147,0,0,0,0,0,0,0,0,False,0,73.0,73,0,0,1,0,0
AMC_148,0,0,0,0,0,0,0,0,True,0,404.0,OTHER,0,0,0,0,1
AMC_149,0,0,0,0,0,0,0,0,True,0,73.0,73,0,0,1,0,1
AMC_150,0,0,0,0,0,0,0,0,False,0,95.0,95,0,1,0,0,0
AMC_151,2.1796408,0,0,0,0,0,0,0,False,0,69.0,69,0,0,0,1,0
AMC_152,0,0,0,0,0,0,0,0,False,0,73.0,73,0,0,1,0,0
AMC_153,0,0,0,0,0,0,0,0,False,0,538.0,OTHER,0,0,0,0,0
AMC_154,0,0,0,0,0,0,0,0,False,0,999.0,OTHER,0,0,0,0,0
AMC_155,0,0,0,0,0,1,0,0,True,0,131.0,131,1,0,0,0,1
AMC_156,0,0,0,0,0,0,0,0,False,0,73.0,73,0,0,1,0,0
AMC_157,1.8675107,0,0,0,0,0,0,0,False,0,58.0,OTHER,0,0,0,0,0
AMC_158,0,0,0,3.2115869999999997,0,0,0,0,True,0,405.0,OTHER,0,0,0,0,1
AMC_159,0,1.2285469,0,0,0,0,0,0,True,0,131.0,131,1,0,0,0,1
AMC_160,0,0,0,0,0,0,0,0,False,0,131.0,131,1,0,0,0,0
AMC_161,0,0,0,0,0,0,0,0,False,0,1057.0,OTHER,0,0,0,0,0
AMC_162,0,0,0,0,0,0,0,0,False,0,nan,OTHER,0,0,0,0,0
AMC_163,0,0,0,2.2013848,0,0,0,1,False,0,68.0,OTHER,0,0,0,0,0
AMC_164,2.7064487999999995,0,0,0,0,0,0,0,False,0,69.0,69,0,0,0,1,0
AMC_165,0,0,0,0,0,0,0,0,False,0,73.0,73,0,0,1,0,0
AMC_166,0,0,0,0,0,0,0,0,False,0,127.0,OTHER,0,0,0,0,0
AMC_167,0,0,0,0,0,1,0,0,True,0,1828.0,OTHER,0,0,0,0,1
AMC_168,3.4697508999999997,0,0,0,0,0,0,0,True,0,144.0,OTHER,0,0,0,0,1
AMC_169,0,0,0,0,0,0,0,0,True,0,357.0,OTHER,0,0,0,0,1
AMC_170,0,0,0,0,0,0,0,0,False,0,73.0,73,0,0,1,0,0
AMC_171,4.3030175999999996,0,0,0,0,0,1,0,False,0,1406.0,OTHER,0,0,0,0,0
AMC_172,2.4944031000000004,0,0,0,0,0,0,0,True,0,10.0,OTHER,0,0,0,0,1
AMC_173,2.8361924,0,0,0,0,0,0,1,False,0,405.0,OTHER,0,0,0,0,0
AMC_174,0,1.0977104,0,1.0362087,0,0,0,0,True,0,131.0,131,1,0,0,0,1
AMC_175,1.7922525000000002,0,0,0,0,0,0,0,True,0,69.0,69,0,0,0,1,1
AMC_176,1.2767859,0,0,0,0,0,0,0,True,0,69.0,69,0,0,0,1,1
AMC_177,0,0,0,0,0,0,0,0,False,0,69.0,69,0,0,0,1,0
AMC_178,0,0,0,0,0,0,0,0,False,0,10.0,OTHER,0,0,0,0,0
AMC_179,5.8666668,0,0,0,0,0,0,0,False,0,69.0,69,0,0,0,1,0
AMC_180,1.9072955000000003,0,0,0,0,0,0,0,False,0,131.0,131,1,0,0,0,0
AMC_181,0,0,0,0,0,0,0,0,True,0,12.0,OTHER,0,0,0,0,1
AMC_182,0,0,0,0,0,0,0,0,False,0,73.0,73,0,0,1,0,0
AMC_183,3.6741574,0.6494382,0,0.93483144,0,0,0,0,False,0,131.0,131,1,0,0,0,0
AMC_184,3.0213208,0,0,0,0,0,0,0,True,0,404.0,OTHER,0,0,0,0,1
AMC_185,2.4866178,0,0,0,0,0,0,0,False,0,48.0,OTHER,0,0,0,0,0
AMC_186,0,0,0,0,0,0,0,0,False,0,428.0,OTHER,0,0,0,0,0
AMC_187,0,0,0,0,0,1,0,0,False,0,73.0,73,0,0,1,0,0
AMC_188,0,0,0,0,0,0,0,0,True,0,355.0,OTHER,0,0,0,0,1
AMC_189,0,0,0,0,0,0,0,0,False,0,127.0,OTHER,0,0,0,0,0
AMC_190,0,0,0,0,0,0,0,0,False,0,12.0,OTHER,0,0,0,0,0
AMC_191,1.3995996000000002,0,0,0,0,0,0,0,True,0,131.0,131,1,0,0,0,1
AMC_192,0,2.9726027999999998,0,0,0,0,0,0,True,0,131.0,131,1,0,0,0,1
AMC_193,5.6980424,0,0,0,0,0,0,0,True,0,69.0,69,0,0,0,1,1
AMC_194,0,0,0,0,0,0,0,0,False,0,3202.0,OTHER,0,0,0,0,0
AMC_195,0,0,0,0,1,0,1,0,True,0,73.0,73,0,0,1,0,1
AMC_196,1.9055006999999997,0,0,0,0,0,1,0,True,0,73.0,73,0,0,1,0,1
AMC_197,0,0,0,0,0,0,0,0,False,0,73.0,73,0,0,1,0,0
AMC_198,5.7803335,0,0,0,0,0,0,0,False,0,95.0,95,0,1,0,0,0
AMC_199,3.2849904999999997,0,0,0,0,0,1,0,False,0,59.0,OTHER,0,0,0,0,0
AMC_200,0,0,0,0,0,0,0,0,False,0,73.0,73,0,0,1,0,0
AMC_201,0,2.9903288,0,0,0,0,0,0,True,0,117.0,OTHER,0,0,0,0,1
AMC_202,0,0,0,0,0,0,0,0,False,0,10.0,OTHER,0,0,0,0,0
AMC_203,2.0305569,0,0,0,0,0,0,0,False,0,131.0,131,1,0,0,0,0
AMC_204,0,0,0,0,1,0,1,0,False,0,73.0,73,0,0,1,0,0
AMC_205,0,1.1275676000000001,0,0,0,0,0,0,True,0,131.0,131,1,0,0,0,1
AMC_206,0,0,0,0,0,0,0,0,False,0,409.0,OTHER,0,0,0,0,0
AMC_207,0,0,0,0,0,0,0,0,True,0,648.0,OTHER,0,0,0,0,1
AMC_208,0,0,0,0,0,0,0,0,True,0,95.0,95,0,1,0,0,1
AMC_209,0,0,0,0,0,0,0,0,False,0,1434.0,OTHER,0,0,0,0,0
AMC_210,1.5209982,0,0,0,0,0,0,0,True,0,95.0,95,0,1,0,0,1
AMC_211,3.2816123999999998,0,0,0,0,0,0,1,False,0,405.0,OTHER,0,0,0,0,0
AMC_212,2.7324564,0,0,0,0,0,0,0,False,0,73.0,73,0,0,1,0,0
AMC_213,0,0,0,0,0,0,0,0,False,0,144.0,OTHER,0,0,0,0,0
AMC_214,3.477689,0,0,0,0,0,0,0,False,0,95.0,95,0,1,0,0,0
AMC_215,0,0,0,0,0,0,0,0,False,0,95.0,95,0,1,0,0,0
AMC_216,0,0,0,0,0,0,0,0,False,0,73.0,73,0,0,1,0,0
AMC_217,0,0,0,0,0,0,0,0,False,0,69.0,69,0,0,0,1,0
AMC_218,0,0,0,0,0,0,0,0,False,0,73.0,73,0,0,1,0,0
AMC_219,1.6756206000000002,0,0,0,0,0,0,0,False,0,69.0,69,0,0,0,1,0
AMC_220,2.6570902000000003,0,0,0,0,0,0,0,False,0,69.0,69,0,0,0,1,0
AMC_221,0,0,0,0,0,0,0,0,False,0,452.0,OTHER,0,0,0,0,0
AMC_222,1.8069962,0,0,0,0,0,0,0,True,0,95.0,95,0,1,0,0,1
AMC_223,2.2618682,0,0,0,0,0,0,0,True,0,69.0,69,0,0,0,1,1
AMC_224,0,0,0,0,0,0,0,0,False,0,398.0,OTHER,0,0,0,0,0
AMC_225,23.574092999999998,0,0,0,0,0,0,0,True,0,80.0,OTHER,0,0,0,0,1
AMC_226,3.2052965,0,0,0,0,0,0,0,False,0,404.0,OTHER,0,0,0,0,0
AMC_227,0,0,0,1.7536895000000001,0,0,0,0,False,1,88.0,OTHER,0,0,0,0,0
AMC_228,2.6115383999999997,0,0,0,0,0,0,1,False,0,2617.0,OTHER,0,0,0,0,0
AMC_229,6.246079,0,0,0,0,0,0,1,True,0,nan,OTHER,0,0,0,0,1
AMC_230,0,0,0,0.91477275,0,0,0,0,False,0,227.0,OTHER,0,0,0,0,0
AMC_231,0,0,0,0,0,0,0,0,False,0,69.0,69,0,0,0,1,0
AMC_232,3.2289865,0,0,0.85761589,0,0,0,0,False,0,603.0,OTHER,0,0,0,0,0
AMC_233,9.887419699999999,0,0,0,0,0,0,0,False,0,73.0,73,0,0,1,0,0
AMC_234,0,0,0,0,0,0,0,0,True,0,46.0,OTHER,0,0,0,0,1
AMC_235,1.8700980999999999,0,0,0,0,0,0,0,False,0,10.0,OTHER,0,0,0,0,0
AMC_236,1.9939941000000003,0,0,0,0,0,0,0,False,0,69.0,69,0,0,0,1,0
AMC_237,23.869801000000002,0,0,0,0,0,0,0,True,0,73.0,73,0,0,1,0,1
AMC_238,1.4709646,0,0,0,0,1,0,0,True,0,410.0,OTHER,0,0,0,0,1
AMC_239,0,0,0,0,0,0,0,0,False,0,1884.0,OTHER,0,0,0,0,0
AMC_240,0,0,0,0,0,0,0,0,True,0,73.0,73,0,0,1,0,1
AMC_241,4.0671139,1.3288591,0,0,0,0,0,0,True,0,38.0,OTHER,0,0,0,0,1
AMC_242,0,0,0,0,0,0,0,0,False,0,73.0,73,0,0,1,0,0
AMC_243,1.60181,0,0,0,0,0,0,0,False,0,95.0,95,0,1,0,0,0
AMC_244,0,0,0,0,0,0,0,0,False,0,144.0,OTHER,0,0,0,0,0
AMC_245,1.5237365,0,0,0,0,0,0,0,False,0,416.0,OTHER,0,0,0,0,0
AMC_246,0,0,0,0,0,0,0,0,True,0,nan,OTHER,0,0,0,0,1
AMC_247,3.8311178999999997,0,0,0,0,0,0,0,False,0,131.0,131,1,0,0,0,0
AMC_248,0,0,0,0,0,0,0,0,False,0,6163.0,OTHER,0,0,0,0,0
AMC_249,1.8766391,0,0,0,0,0,0,0,False,0,117.0,OTHER,0,0,0,0,0
AMC_250,0,0,0,0,0,0,0,0,False,0,93.0,OTHER,0,0,0,0,0
AMC_251,0,0,0,0,0,0,0,0,False,1,69.0,69,0,0,0,1,0
AMC_252,0,0,0,0,0,0,0,0,False,0,73.0,73,0,0,1,0,0
AMC_253,0,0,0,0.53749681,0,0,0,0,False,0,88.0,OTHER,0,0,0,0,0
AMC_254,0,0,0,0,0,0,0,0,True,0,131.0,131,1,0,0,0,1
AMC_255,0,0,0,0,0,0,0,0,False,0,73.0,73,0,0,1,0,0
AMC_256,0,0,0,0,1,0,0,0,False,0,393.0,OTHER,0,0,0,0,0
AMC_257,1.9267637999999998,0,0,0,0,0,0,0,False,0,69.0,69,0,0,0,1,0
AMC_258,3.8662093,0,0,0,0,0,0,1,False,0,1406.0,OTHER,0,0,0,0,0
AMC_259,0,0,0,0,0,0,0,0,False,0,95.0,95,0,1,0,0,0
AMC_260,1.5717181,0,0,0,0,0,0,0,False,0,144.0,OTHER,0,0,0,0,0
AMC_261,0,0,0,0,0,0,0,0,False,0,127.0,OTHER,0,0,0,0,0
AMC_262,0,0,0,0,0,0,0,0,False,0,23.0,OTHER,0,0,0,0,0
AMC_263,2.2261221,0.92767495,0,0.46904913,0,0,0,0,False,0,131.0,131,1,0,0,0,0
AMC_264,0,0,0,0,0,0,0,0,True,0,1236.0,OTHER,0,0,0,0,1
AMC_265,0,0,0,0,0,0,0,0,False,0,10.0,OTHER,0,0,0,0,0
AMC_266,0,0,0,0,0,0,0,0,False,0,59.0,OTHER,0,0,0,0,0
AMC_267,0,0,0,0,0,0,0,0,False,0,95.0,95,0,1,0,0,0
AMC_268,0,0,0,0,0,0,0,0,False,0,73.0,73,0,0,1,0,0
AMC_269,0,0,0,0,0,0,0,0,False,0,95.0,95,0,1,0,0,0
AMC_270,2.6786845,0,0,0,0,0,0,0,False,0,73.0,73,0,0,1,0,0
AMC_271,0,0,0,0,0,0,0,0,False,0,131.0,131,1,0,0,0,0
AMC_272,2.4033675,0,0,0,0,0,0,0,False,0,73.0,73,0,0,1,0,0
AMC_273,0,0,0,0,0,0,0,0,False,0,12.0,OTHER,0,0,0,0,0
AMC_274,0,0,0,0,0,0,0,0,False,0,540.0,OTHER,0,0,0,0,0
AMC_275,0,0,0,0,0,0,0,0,False,0,95.0,95,0,1,0,0,0
AMC_276,0,0,0,0,0,0,0,0,True,0,131.0,131,1,0,0,0,1
AMC_277,0,0,0,0,0,0,0,0,False,0,131.0,131,1,0,0,0,0
AMC_278,0,0,0,0,0,0,0,0,False,0,349.0,OTHER,0,0,0,0,0
AMC_279,3.0487293999999996,0,0,0,0,0,0,0,False,0,569.0,OTHER,0,0,0,0,0
AMC_280,0,0,0,0,0,0,0,0,False,0,62.0,OTHER,0,0,0,0,0
AMC_281,1.9240837,0,0,0,0,0,0,0,False,0,95.0,95,0,1,0,0,0
AMC_282,0,0,0,0,0,0,0,0,False,0,131.0,131,1,0,0,0,0
AMC_283,0,0,0,0,0,1,0,0,False,0,416.0,OTHER,0,0,0,0,0
AMC_284,1.8553077,0,0,0,0,0,0,0,True,0,12.0,OTHER,0,0,0,0,1
AMC_285,0,0,0,0,0,0,0,0,False,0,144.0,OTHER,0,0,0,0,0
AMC_286,1.4082353,0,0,0,0,0,0,0,False,0,73.0,73,0,0,1,0,0
AMC_287,0,0,0,0,0,0,0,0,False,0,141.0,OTHER,0,0,0,0,0
AMC_288,0,0,0,0,0,1,0,0,True,0,1262.0,OTHER,0,0,0,0,1
AMC_289,0,0,0,0,0,0,0,0,False,0,1092.0,OTHER,0,0,0,0,0
AMC_290,0,0,0,0,0,0,0,0,False,0,12.0,OTHER,0,0,0,0,0
AMC_291,0,0,0,0,0,0,0,0,False,0,95.0,95,0,1,0,0,0
AMC_292,2.5901277,0,0,0,0,0,0,0,True,0,131.0,131,1,0,0,0,1
AMC_293,0,0,0,0,0,0,0,0,False,0,nan,OTHER,0,0,0,0,0
AMC_294,0,0,0,0,0,0,0,0,False,0,998.0,OTHER,0,0,0,0,0
AMC_295,1.8579881999999999,0,0,0,0,0,0,0,False,0,88.0,OTHER,0,0,0,0,0
AMC_296,0,0,0,0,0,0,0,0,False,0,847.0,OTHER,0,0,0,0,0
AMC_297,1.6376562,0,0,0,0,0,1,0,True,0,73.0,73,0,0,1,0,1
AMC_298,0,0,0,0,0,0,0,0,False,0,73.0,73,0,0,1,0,0
AMC_299,7.514844900000001,0,0,0,0,0,0,0,True,0,117.0,OTHER,0,0,0,0,1
AMC_300,2.1292195,0,0,0,0,0,0,0,False,0,131.0,131,1,0,0,0,0
AMC_301,1.6171266000000002,0,0,0,0,0,0,0,False,0,73.0,73,0,0,1,0,0
AMC_302,1.9959381999999999,0,0,0,1,0,0,0,True,0,10.0,OTHER,0,0,0,0,1
AMC_303,1.1690071000000002,0,0,0,0,0,0,0,False,0,73.0,73,0,0,1,0,0
AMC_304,0,1.6167197,0,2.3234147999999997,0,0,0,0,True,0,410.0,OTHER,0,0,0,0,1
AMC_305,0,0,0,3.3414094,0,0,0,0,True,0,73.0,73,0,0,1,0,1
AMC_306,0,1.4302968999999999,0,5.8621035,0,0,0,0,True,0,3052.0,OTHER,0,0,0,0,1
AMC_307,1.4289256000000001,0,0,0,0,0,1,0,True,0,998.0,OTHER,0,0,0,0,1
AMC_308,0,0,0,0,0,0,0,0,False,0,538.0,OTHER,0,0,0,0,0
AMC_309,1.5690022,0,0,0,0,0,0,0,False,0,95.0,95,0,1,0,0,0
AMC_310,3.2899663,0,0,0,0,0,0,0,False,0,70.0,OTHER,0,0,0,0,0
AMC_311,6.9698644,0,0,0,0,0,0,1,False,0,538.0,OTHER,0,0,0,0,0
AMC_312,0,0,0,0,0,0,0,0,False,0,404.0,OTHER,0,0,0,0,0
AMC_313,0,0,0,1.3231411,0,0,0,0,False,0,73.0,73,0,0,1,0,0
AMC_314,0,0,0,0,0,0,0,0,False,0,10.0,OTHER,0,0,0,0,0
AMC_315,2.547508,0,0,0,0,0,1,0,True,0,73.0,73,0,0,1,0,1
AMC_316,1.6436234,0,0,0,0,0,0,0,True,0,80.0,OTHER,0,0,0,0,1
AMC_317,3.2674122000000003,0,0,0,0,0,0,0,False,0,363.0,OTHER,0,0,0,0,0
AMC_318,3.1065087000000005,0,0,0,0,0,0,0,True,0,95.0,95,0,1,0,0,1
AMC_319,0,0,0,0,0,0,0,0,False,0,73.0,73,0,0,1,0,0
AMC_320,5.8476042999999995,0,0,0,0,0,0,0,False,0,10.0,OTHER,0,0,0,0,0
AMC_321,1.6245891000000001,0,0,0,0,0,0,0,False,0,nan,OTHER,0,0,0,0,0
AMC_322,0,0,0,0,0,0,0,0,False,0,95.0,95,0,1,0,0,0
AMC_323,0,0,0,0,0,0,0,0,False,0,196.0,OTHER,0,0,0,0,0
AMC_324,0,0,0,0,0,0,0,0,False,0,73.0,73,0,0,1,0,0
AMC_325,0,0,0,0,0,0,0,0,False,0,140.0,OTHER,0,0,0,0,0
AMC_326,0,0,0,0,0,0,0,0,False,0,362.0,OTHER,0,0,0,0,0
AMC_327,0,0,0,0,0,0,0,0,False,0,1193.0,OTHER,0,0,0,0,0
AMC_328,2.6110077,0,0,0,0,0,0,0,False,0,23.0,OTHER,0,0,0,0,0
AMC_329,0,0,0,0,0,0,0,0,False,0,69.0,69,0,0,0,1,0
AMC_330,0,0,0,0,0,0,0,0,False,0,1057.0,OTHER,0,0,0,0,0
AMC_331,8.0136986,0,0,0,0,0,0,0,False,0,10.0,OTHER,0,0,0,0,0
AMC_332,0,0,0,0,0,0,0,0,False,0,404.0,OTHER,0,0,0,0,0
AMC_333,0,0,0,0,0,0,0,0,False,0,144.0,OTHER,0,0,0,0,0
AMC_334,2.6790125,0,0,0,0,0,0,0,False,0,223.0,OTHER,0,0,0,0,0
AMC_335,0,0,0,0,0,0,0,0,False,0,999.0,OTHER,0,0,0,0,0
AMC_336,3.2182765,0,0,0,0,0,0,0,False,1,38.0,OTHER,0,0,0,0,0
AMC_337,0,0,0,0,0,0,0,0,True,0,640.0,OTHER,0,0,0,0,1
AMC_338,0,0,0,0,0,0,0,0,False,0,6447.0,OTHER,0,0,0,0,0
AMC_339,0,0,0,0,0,0,0,0,False,0,nan,OTHER,0,0,0,0,0
AMC_340,0,0,0,0,0,0,0,0,False,0,3101.0,OTHER,0,0,0,0,0
AMC_341,0,0,0,0,0,0,0,0,False,0,46.0,OTHER,0,0,0,0,0
AMC_342,3.4396751000000005,0,0,0,0,0,0,0,False,0,62.0,OTHER,0,0,0,0,0
AMC_343,1.857448,0,0,0,0,0,0,0,False,0,131.0,131,1,0,0,0,0
AMC_344,0,0,0,0,0,0,0,0,False,0,73.0,73,0,0,1,0,0
AMC_345,0,0,0,0,0,0,0,0,False,0,2166.0,OTHER,0,0,0,0,0
AMC_346,1.1669996999999999,0,0,0,0,0,0,0,False,0,12.0,OTHER,0,0,0,0,0
AMC_347,0,0,0,0,0,0,0,0,False,0,1994.0,OTHER,0,0,0,0,0
AMC_348,0,0,0,0,0,0,0,0,False,0,73.0,73,0,0,1,0,0
AMC_349,0,0,0,0,0,0,0,0,False,0,2332.0,OTHER,0,0,0,0,0
AMC_350,0,0,1.7707043000000002,0,0,0,0,0,True,0,998.0,OTHER,0,0,0,0,1
AMC_351,3.4281589999999995,0,0,0,0,0,0,0,False,0,73.0,73,0,0,1,0,0
AMC_352,2.377907,0,0,0,0,0,0,0,False,0,69.0,69,0,0,0,1,0
AMC_353,0,0,0,0,0,0,0,0,False,0,491.0,OTHER,0,0,0,0,0
AMC_354,2.3500512000000002,0,0,0,0,0,0,0,False,0,131.0,131,1,0,0,0,0
AMC_355,2.1343992000000003,0,0,0,0,0,0,0,False,0,95.0,95,0,1,0,0,0
AMC_356,1.2707525,0,0,0,0,0,1,0,True,0,12.0,OTHER,0,0,0,0,1
AMC_357,0,0,0,0,0,0,0,0,False,0,131.0,131,1,0,0,0,0
AMC_358,0,0,0,0,1,0,0,0,True,0,410.0,OTHER,0,0,0,0,1
AMC_359,3.547945,0,0,0,0,0,0,0,False,0,59.0,OTHER,0,0,0,0,0
AMC_360,1.1819938,0,0,0,0,0,0,0,False,1,14.0,OTHER,0,0,0,0,0
AMC_361,0,0,0,0,0,0,0,0,False,0,95.0,95,0,1,0,0,0
AMC_362,0,0,0,0,0,0,0,0,False,0,nan,OTHER,0,0,0,0,0
AMC_363,0,0,0,0,0,0,0,0,False,0,607.0,OTHER,0,0,0,0,0
AMC_364,9.7121773,0,0,0,0,0,0,0,False,0,69.0,69,0,0,0,1,0
AMC_365,0,0,0,0,0,0,0,0,False,0,91.0,OTHER,0,0,0,0,0
AMC_366,2.7473991,0,0,0,0,0,0,1,False,0,nan,OTHER,0,0,0,0,0
AMC_367,2.0304422,0,0,0,0,0,0,0,False,0,69.0,69,0,0,0,1,0
AMC_368,0,0,0,0,0,0,0,0,True,0,2570.0,OTHER,0,0,0,0,1
AMC_369,0,0,0,0,0,0,0,0,False,0,1057.0,OTHER,0,0,0,0,0
AMC_370,2.0742748,2.10677,0,0,0,0,0,0,False,0,162.0,OTHER,0,0,0,0,0
AMC_371,0,0,0,0,0,0,0,0,False,0,73.0,73,0,0,1,0,0
AMC_372,1.7019368000000001,0,0,0,0,0,0,0,False,0,10.0,OTHER,0,0,0,0,0
AMC_373,2.5345111,0,0,0,0,0,0,0,False,0,95.0,95,0,1,0,0,0
AMC_374,0,2.7883496,0,0,0,0,0,0,False,0,1193.0,OTHER,0,0,0,0,0
AMC_375,0,0,0,0,0,0,0,0,False,0,14.0,OTHER,0,0,0,0,0
AMC_376,2.1433046,0,0,0,0,0,0,0,False,0,131.0,131,1,0,0,0,0
AMC_377,3.8281998999999995,0,0,0,0,0,0,0,False,0,196.0,OTHER,0,0,0,0,0
AMC_378,0,0,0,0,0,0,0,0,False,0,929.0,OTHER,0,0,0,0,0
AMC_379,0,12.120739,0,2.2451706000000002,0,0,0,0,False,0,131.0,131,1,0,0,0,0
AMC_380,2.1649866,0,0,0,0,0,0,0,True,0,69.0,69,0,0,0,1,1
AMC_381,2.4815791000000003,0,0,0,0,0,0,0,True,0,131.0,131,1,0,0,0,1
AMC_382,5.324580200000001,0,0,0,0,0,0,0,False,0,73.0,73,0,0,1,0,0
AMC_383,0,0,0,0,0,0,0,0,False,0,73.0,73,0,0,1,0,0
AMC_384,15.142639,0,0,0,0,0,0,0,False,0,83.0,OTHER,0,0,0,0,0
AMC_385,0,0,0,0,0,0,0,0,False,0,80.0,OTHER,0,0,0,0,0
AMC_386,1.4030428,0,0,0,0,0,0,0,False,0,106.0,OTHER,0,0,0,0,0
AMC_387,3.8788717000000004,1.5154861000000002,0,0,0,0,0,0,False,0,38.0,OTHER,0,0,0,0,0
AMC_388,8.9300508,0,0,0,0,0,0,0,False,0,83.0,OTHER,0,0,0,0,0
AMC_389,2.1623247,0,0,0,0,0,0,0,False,0,131.0,131,1,0,0,0,0
AMC_390,0,0,0,0,0,0,0,0,False,0,95.0,95,0,1,0,0,0
AMC_391,0,0,15.583893,0,0,0,0,0,True,0,73.0,73,0,0,1,0,1
AMC_392,2.9795787000000002,0,0,0,1,0,0,0,True,0,38.0,OTHER,0,0,0,0,1
AMC_393,1.5694015,0,0,0,0,0,0,0,False,0,73.0,73,0,0,1,0,0
AMC_394,0,0,0,0,0,0,0,0,False,0,131.0,131,1,0,0,0,0
AMC_395,0,1.0969938999999997,0,6.1022042999999995,0,0,0,0,False,0,131.0,131,1,0,0,0,0
AMC_396,2.6253297000000004,0,0,0,0,0,0,0,False,0,12.0,OTHER,0,0,0,0,0
AMC_397,0,0,0,0,0,0,0,0,True,0,428.0,OTHER,0,0,0,0,1
AMC_398,1.8632727999999998,0,0,0,0,0,0,0,False,0,540.0,OTHER,0,0,0,0,0
AMC_399,0,0,0,0,0,0,0,0,False,0,73.0,73,0,0,1,0,0
AMC_400,1.9104415000000001,0.89431238,0,0,0,0,0,0,False,0,2141.0,OTHER,0,0,0,0,0
AMC_401,1.4585757,0,0,0,0,0,0,0,False,0,10.0,OTHER,0,0,0,0,0
AMC_402,0,0,0,0,0,0,0,0,False,0,550.0,OTHER,0,0,0,0,0
AMC_403,2.2470658,0,0,0,0,0,0,0,True,0,69.0,69,0,0,0,1,1
AMC_404,0,0,0,0,0,0,0,0,False,0,416.0,OTHER,0,0,0,0,0
AMC_405,2.3991325,0,0,0,0,0,0,0,False,0,73.0,73,0,0,1,0,0
AMC_406,2.4870767999999996,0,0,3.4069891000000005,0,0,0,0,True,0,131.0,131,1,0,0,0,1
AMC_407,0,0,0,0,0,0,0,0,False,0,12.0,OTHER,0,0,0,0,0
AMC_408,2.1409576,0,0,0,0,0,0,0,False,0,73.0,73,0,0,1,0,0
AMC_409,0,0,16.267607,0,0,0,0,0,True,0,73.0,73,0,0,1,0,1
AMC_410,1.775641,0.97435898,0,0,0,0,0,0,False,0,2141.0,OTHER,0,0,0,0,0
AMC_411,0,0,0,0,0,0,0,0,False,0,372.0,OTHER,0,0,0,0,0
AMC_412,1.6344566,0,0,0,0,0,0,1,False,0,4750.0,OTHER,0,0,0,0,0
AMC_413,0,0,0,2.2235292999999996,0,0,0,0,False,0,73.0,73,0,0,1,0,0
AMC_414,4.7253504,2.9648342,0,1.7605164,0,0,0,0,True,0,23.0,OTHER,0,0,0,0,1
AMC_415,1.9663496999999999,0,0,0,0,0,0,0,False,0,23.0,OTHER,0,0,0,0,0
AMC_416,0,0,0,0,0,0,0,0,False,0,1193.0,OTHER,0,0,0,0,0
AMC_417,0,0,0,0,0,0,0,0,False,0,345.0,OTHER,0,0,0,0,0
AMC_418,5.9027252,0,0,0,0,0,1,0,True,0,34.0,OTHER,0,0,0,0,1
AMC_419,0,0,0,0,0,0,0,0,False,0,nan,OTHER,0,0,0,0,0
AMC_420,1.3850267,0,0,0,0,0,0,0,True,0,12.0,OTHER,0,0,0,0,1
AMC_421,2.0777957,0,0,0,0,0,0,0,False,0,569.0,OTHER,0,0,0,0,0
AMC_422,0,0,0,0,0,0,0,0,False,0,95.0,95,0,1,0,0,0
AMC_423,1.564188,0,0,0,0,0,0,0,False,0,69.0,69,0,0,0,1,0
AMC_424,0,0,0,0,0,0,0,0,False,0,73.0,73,0,0,1,0,0
AMC_425,2.3055142999999996,1.1120715,0,0,0,0,0,0,True,0,636.0,OTHER,0,0,0,0,1
AMC_426,0,0,0,0,0,0,0,0,False,0,144.0,OTHER,0,0,0,0,0
AMC_427,0,0,0,0,0,0,0,0,False,0,5351.0,OTHER,0,0,0,0,0
AMC_428,1.8890188,0,0,0,0,0,0,0,False,0,58.0,OTHER,0,0,0,0,0
AMC_429,2.7656341,0,0,0,0,0,0,0,False,0,95.0,95,0,1,0,0,0
AMC_430,2.4180717,0,0,0,0,0,0,0,False,0,nan,OTHER,0,0,0,0,0
AMC_431,2.9781251,0,0,0,0,0,0,0,False,0,127.0,OTHER,0,0,0,0,0
AMC_432,0,0,0,0,0,0,0,0,False,0,127.0,OTHER,0,0,0,0,0
AMC_433,1.942232,0,0,0,0,1,0,0,False,0,12.0,OTHER,0,0,0,0,0
AMC_434,0,0,0,0,0,0,0,0,True,0,73.0,73,0,0,1,0,1
AMC_435,0,0,0,0,0,0,0,0,True,0,216.0,OTHER,0,0,0,0,1
AMC_436,2.5526171000000004,0,0,0,0,0,0,0,False,0,73.0,73,0,0,1,0,0
AMC_437,2.076165,0,0,0,0,0,0,0,True,0,162.0,OTHER,0,0,0,0,1
AMC_438,0,0,0,0,0,0,0,0,False,0,73.0,73,0,0,1,0,0
AMC_439,0,1.6905661,0,0,0,0,0,0,False,0,443.0,OTHER,0,0,0,0,0
AMC_440,2.0341365000000002,0,0,0,0,0,0,0,True,0,95.0,95,0,1,0,0,1
AMC_441,2.0059576,0,0,0,0,0,0,0,True,0,69.0,69,0,0,0,1,1
AMC_442,2.5061727000000005,0,0,0,0,0,0,0,False,0,69.0,69,0,0,0,1,0
AMC_443,0,0,0,0,0,0,0,0,True,0,1193.0,OTHER,0,0,0,0,1
AMC_444,5.3887787000000005,0,0,0,0,0,0,0,False,0,69.0,69,0,0,0,1,0
AMC_445,0,0,0,0,0,0,0,0,False,0,131.0,131,1,0,0,0,0
AMC_446,0,0,0,0,0,0,0,0,False,0,73.0,73,0,0,1,0,0
AMC_447,16.894344,0,0,0,0,0,0,0,True,0,73.0,73,0,0,1,0,1
AMC_448,5.9080877,0,0,0,0,0,0,0,True,0,847.0,OTHER,0,0,0,0,1
AMC_449,2.5446165,0,0,0,0,0,0,0,False,0,73.0,73,0,0,1,0,0
AMC_450,3.0607537999999996,0,0,0,0,0,0,0,False,0,1057.0,OTHER,0,0,0,0,0
AMC_451,5.836852599999999,0,0,0,0,0,0,0,False,0,73.0,73,0,0,1,0,0
AMC_452,1.6621843999999997,0,0,0,0,0,0,0,False,0,10.0,OTHER,0,0,0,0,0
AMC_453,2.4843709,0,0,0,0,0,1,0,False,0,95.0,95,0,1,0,0,0
AMC_454,0,0,0,0,0,0,0,0,True,0,73.0,73,0,0,1,0,1
AMC_455,0,0,0,0,0,0,0,0,False,0,1152.0,OTHER,0,0,0,0,0
AMC_456,0,0,0,0,1,0,0,0,True,0,131.0,131,1,0,0,0,1
AMC_457,0,0,0,0,0,0,0,0,False,0,95.0,95,0,1,0,0,0
AMC_458,0,0,0,0,0,0,0,0,True,0,3858.0,OTHER,0,0,0,0,1
AMC_459,0,0,0,0,0,0,0,0,False,0,10.0,OTHER,0,0,0,0,0
AMC_460,0,0,0,0,1,0,1,0,False,0,131.0,131,1,0,0,0,0
AMC_461,1.2412691,0,0,0,0,0,0,0,False,0,69.0,69,0,0,0,1,0
AMC_462,0,0,0,0,0,0,0,0,False,0,59.0,OTHER,0,0,0,0,0
AMC_463,0,0,0,0,0,0,0,0,False,0,399.0,OTHER,0,0,0,0,0
AMC_464,0,0,0,0,0,0,0,0,False,0,131.0,131,1,0,0,0,0
AMC_465,0,1.2219266000000002,0,1.2368281,0,0,0,0,True,0,131.0,131,1,0,0,0,1
AMC_466,2.2723079,0,0,0,0,0,0,0,True,0,357.0,OTHER,0,0,0,0,1
AMC_467,1.4771222,0,0,0,0,0,1,0,True,0,73.0,73,0,0,1,0,1
AMC_468,1.6746268,0,0,0,0,0,0,0,False,0,95.0,95,0,1,0,0,0
AMC_469,12.78196,0,0,0,0,0,0,0,False,0,73.0,73,0,0,1,0,0
AMC_470,0,0,0,0,0,0,0,0,False,0,80.0,OTHER,0,0,0,0,0
AMC_471,1.5614526000000002,0,0,0,0,0,0,0,False,0,410.0,OTHER,0,0,0,0,0
AMC_472,0,0,0,0,0,0,0,0,False,0,357.0,OTHER,0,0,0,0,0
AMC_473,0,0,0,0,0,0,0,0,False,0,nan,OTHER,0,0,0,0,0
AMC_474,1.564225,0,0,0,0,0,0,0,False,0,648.0,OTHER,0,0,0,0,0
AMC_475,1.0456273999999999,0,0,0,0,0,0,0,True,0,73.0,73,0,0,1,0,1
AMC_476,2.7080925,0,0,0,0,0,0,0,True,0,69.0,69,0,0,0,1,1
AMC_477,0,0,0,0,0,0,0,0,False,0,131.0,131,1,0,0,0,0
AMC_478,2.0847983,0,0,0,0,0,0,0,False,0,14.0,OTHER,0,0,0,0,0
AMC_479,2.1003903999999998,0,0,0,1,0,0,0,True,0,131.0,131,1,0,0,0,1
AMC_480,0,0,0,0,0,0,0,0,False,0,73.0,73,0,0,1,0,0
AMC_481,4.6682262,0,0,0,0,0,0,0,False,0,88.0,OTHER,0,0,0,0,0
AMC_482,0,2.7211685,0,0,0,0,0,0,False,0,131.0,131,1,0,0,0,0
AMC_483,24.190039000000002,2.384994,0,0,0,0,0,0,True,0,10.0,OTHER,0,0,0,0,1
AMC_484,0,0,0,0,0,0,0,0,False,0,73.0,73,0,0,1,0,0
AMC_485,3.7459282999999997,2.0749185000000003,0,3.1954396000000003,0,0,0,0,True,0,648.0,OTHER,0,0,0,0,1
AMC_486,0,0,0,0,0,0,0,0,False,0,73.0,73,0,0,1,0,0
AMC_487,0,0,0,0,1,0,0,0,False,0,1158.0,OTHER,0,0,0,0,0
AMC_488,0,0,0,0,0,0,0,0,True,0,648.0,OTHER,0,0,0,0,1
AMC_489,3.7827057999999996,0,0,0,0,0,0,0,False,0,362.0,OTHER,0,0,0,0,0
AMC_490,0,0,10.289557,0,0,0,0,0,False,0,372.0,OTHER,0,0,0,0,0
AMC_491,0,0,0,0,0,0,0,0,False,0,297.0,OTHER,0,0,0,0,0
AMC_492,0,0,0,0,0,0,0,0,False,0,59.0,OTHER,0,0,0,0,0
AMC_493,2.2755871,1.0893456,0,2.4194632,0,0,0,0,True,0,131.0,131,1,0,0,0,1
AMC_494,0,0,0,0,0,0,0,0,False,0,428.0,OTHER,0,0,0,0,0
AMC_495,2.2575084999999997,0,0,0,0,0,0,0,False,0,362.0,OTHER,0,0,0,0,0
AMC_496,0,0,0,0,0,0,0,0,False,0,421.0,OTHER,0,0,0,0,0
AMC_497,0,0,0,0,0,0,0,0,False,0,155.0,OTHER,0,0,0,0,0
AMC_498,0,0,0,0,0,0,0,0,False,0,73.0,73,0,0,1,0,0
AMC_499,0,0,0,0,0,0,0,0,False,0,95.0,95,0,1,0,0,0
AMC_500,3.8403720999999997,0,0,0,0,0,0,0,False,0,80.0,OTHER,0,0,0,0,0
AMC_501,0,0,0,0,0,0,0,0,False,0,421.0,OTHER,0,0,0,0,0
AMC_502,0,0,0,0,0,0,0,0,False,0,127.0,OTHER,0,0,0,0,0
AMC_503,0,0,0,0,0,0,0,0,False,0,73.0,73,0,0,1,0,0
AMC_504,1.6766758999999998,0,0,0,0,0,1,0,True,0,372.0,OTHER,0,0,0,0,1
AMC_505,1.7688384999999998,0,0,0,0,0,0,0,True,0,95.0,95,0,1,0,0,1
AMC_506,0,0,0,0,0,0,0,0,False,0,428.0,OTHER,0,0,0,0,0
AMC_507,0,0,0,0,0,0,0,0,False,0,73.0,73,0,0,1,0,0
AMC_508,0,0,0,0,1,0,0,0,True,0,636.0,OTHER,0,0,0,0,1
AMC_509,2.8900938,0,0,0,0,0,0,0,False,0,127.0,OTHER,0,0,0,0,0
AMC_510,2.1720509999999997,0,0,0,0,0,1,0,False,0,73.0,73,0,0,1,0,0
AMC_511,0,1.266651,0,0,0,0,0,0,False,0,131.0,131,1,0,0,0,0
AMC_512,0,1.6319163,0,1.5587045,0,0,0,0,False,0,410.0,OTHER,0,0,0,0,0
AMC_513,0,0,0,0,0,0,0,0,False,0,131.0,131,1,0,0,0,0
AMC_514,1.8527089,0,0,0,0,0,0,0,False,0,6453.0,OTHER,0,0,0,0,0
AMC_515,0,0,0,0,0,0,0,0,False,0,144.0,OTHER,0,0,0,0,0
AMC_516,0,0,0,0,0,0,0,0,False,0,127.0,OTHER,0,0,0,0,0
AMC_517,0,0,0,0,0,0,0,0,False,0,73.0,73,0,0,1,0,0
AMC_518,2.0269361,0,0,0,0,0,0,0,False,0,69.0,69,0,0,0,1,0
AMC_519,0,0,0,0,0,0,0,0,True,0,73.0,73,0,0,1,0,1
AMC_520,0,0,0,0,0,0,0,0,False,0,127.0,OTHER,0,0,0,0,0
AMC_521,0,0,0,0,0,1,0,0,False,0,95.0,95,0,1,0,0,0
AMC_522,0,0,0,0,0,0,0,0,False,0,2795.0,OTHER,0,0,0,0,0
AMC_523,0,0,0,0,0,0,0,0,False,0,73.0,73,0,0,1,0,0
AMC_524,2.3969016,0,0,0,0,0,1,0,True,0,73.0,73,0,0,1,0,1
AMC_525,0.22549471,0,0,0,0,0,0,0,True,0,131.0,131,1,0,0,0,1
AMC_526,2.7128115000000004,0,0,0,0,0,0,0,False,0,1604.0,OTHER,0,0,0,0,0
AMC_527,0,0,0,0,0,0,0,0,False,0,162.0,OTHER,0,0,0,0,0
AMC_528,0,0,0,0,0,0,0,0,False,0,69.0,69,0,0,0,1,0
AMC_529,0,0,0,0,0,0,0,0,False,0,117.0,OTHER,0,0,0,0,0
AMC_530,0,0,0,0,0,0,0,0,False,0,95.0,95,0,1,0,0,0
AMC_531,0,0,0,0,0,0,0,0,False,0,216.0,OTHER,0,0,0,0,0
AMC_532,0,0,0,0,0,0,0,0,True,0,127.0,OTHER,0,0,0,0,1
AMC_533,0,0,9.051388699999999,0,0,0,0,0,True,0,73.0,73,0,0,1,0,1
AMC_534,2.2001255,0,0,0,0,0,0,0,True,0,457.0,OTHER,0,0,0,0,1
AMC_535,25.264469000000002,0,0,0,0,0,0,0,False,0,73.0,73,0,0,1,0,0
AMC_536,0,2.7352388,0,3.1590824,0,0,0,0,True,0,131.0,131,1,0,0,0,1
AMC_537,0,0,0,0,0,0,0,0,False,0,453.0,OTHER,0,0,0,0,0
AMC_538,0,0,0,0,0,0,0,0,True,0,nan,OTHER,0,0,0,0,1
AMC_539,21.867176,0,0,0,0,0,0,0,True,0,69.0,69,0,0,0,1,1
AMC_540,28.01037,0,0,0,0,0,0,0,False,0,144.0,OTHER,0,0,0,0,0
AMC_541,2.3443617999999997,0,0,0,0,0,0,0,False,0,95.0,95,0,1,0,0,0
AMC_542,0,0,1.7084311,0,0,0,0,0,False,0,73.0,73,0,0,1,0,0
AMC_543,16.867075,0,0,0,0,0,0,0,True,0,73.0,73,0,0,1,0,1
AMC_544,0,0,0,0,0,0,0,0,False,0,73.0,73,0,0,1,0,0
AMC_545,0,0,0,0,0,0,0,0,False,0,135.0,OTHER,0,0,0,0,0
AMC_546,0,0,0,0,0,0,0,0,False,0,127.0,OTHER,0,0,0,0,0
AMC_547,2.2673335,0,0,0,0,1,1,0,True,0,12.0,OTHER,0,0,0,0,1
AMC_548,0,0,0,0,0,0,0,0,False,0,127.0,OTHER,0,0,0,0,0
AMC_549,11.778468,0,0,0,0,0,0,0,False,0,95.0,95,0,1,0,0,0
AMC_550,2.1734846,0,0,0,0,0,1,0,False,0,73.0,73,0,0,1,0,0
AMC_551,3.058785,0,0,0,0,0,0,0,True,0,404.0,OTHER,0,0,0,0,1
AMC_552,0,0,1.6580935,0,0,0,0,0,True,0,73.0,73,0,0,1,0,1
AMC_553,2.1323528,0,0,0,0,0,0,0,True,0,69.0,69,0,0,0,1,1
AMC_554,2.0981014,0,0,0,0,0,0,0,True,0,963.0,OTHER,0,0,0,0,1
AMC_555,0,0,0,0,0,0,0,0,False,0,73.0,73,0,0,1,0,0
AMC_556,3.3066226999999997,0,0,0,0,0,0,0,False,0,69.0,69,0,0,0,1,0
AMC_557,0,0,1.7730408,0,0,0,0,0,False,0,12.0,OTHER,0,0,0,0,0
AMC_558,0,0.9039039000000001,0,1.5929263,0,0,0,0,True,0,131.0,131,1,0,0,0,1
AMC_559,0,0,0,0,0,0,0,0,False,0,1861.0,OTHER,0,0,0,0,0
AMC_560,0,0,0,0,0,0,0,0,False,0,538.0,OTHER,0,0,0,0,0
AMC_561,0,0,0,0,0,0,0,0,False,0,141.0,OTHER,0,0,0,0,0
AMC_562,0,0,0,0,0,0,0,0,False,0,23.0,OTHER,0,0,0,0,0
AMC_563,0,0,0,0,0,0,0,0,False,0,117.0,OTHER,0,0,0,0,0
AMC_564,1.7238153999999999,0,0,0,0,0,1,0,True,0,73.0,73,0,0,1,0,1
AMC_565,0,0,0,0,0,0,0,0,False,0,131.0,131,1,0,0,0,0
AMC_566,0,0,0,0,0,0,0,0,False,0,372.0,OTHER,0,0,0,0,0
AMC_567,0,0,0,0,0,0,0,0,True,0,14.0,OTHER,0,0,0,0,1
AMC_568,1.8819554,0,0,0,0,0,0,0,False,0,624.0,OTHER,0,0,0,0,0
AMC_569,3.0086392999999996,0,1.7134629000000001,0,0,0,0,0,False,0,544.0,OTHER,0,0,0,0,0
AMC_570,0,0,0,0,0,0,0,0,False,0,127.0,OTHER,0,0,0,0,0
AMC_571,0,2.3423285,0,3.3353891000000004,0,0,0,0,False,0,131.0,131,1,0,0,0,0
AMC_572,0,0,0,0,0,0,0,0,False,0,73.0,73,0,0,1,0,0
AMC_573,0,0,0,0,0,0,0,0,False,0,69.0,69,0,0,0,1,0
AMC_574,0,0,0,0,0,0,0,0,True,0,12.0,OTHER,0,0,0,0,1
AMC_575,2.4923078999999997,0,0,0,0,0,0,0,False,0,69.0,69,0,0,0,1,0
AMC_576,0,0,1.6636363999999997,0,0,0,0,0,False,0,73.0,73,0,0,1,0,0
AMC_577,1.8214884999999998,0,0,0,0,0,0,0,False,0,73.0,73,0,0,1,0,0
AMC_578,2.8893821,0,0,0,0,0,0,0,False,0,404.0,OTHER,0,0,0,0,0
AMC_579,0,0,0,0,0,0,0,0,False,0,4993.0,OTHER,0,0,0,0,0
AMC_580,0,0,0,0,0,1,0,0,False,0,95.0,95,0,1,0,0,0
AMC_581,0,0,0,0,0,0,0,0,False,0,73.0,73,0,0,1,0,0
AMC_582,0,0,0,0,0,0,0,0,False,0,10.0,OTHER,0,0,0,0,0
AMC_583,0,0,0,0,0,0,0,0,False,0,95.0,95,0,1,0,0,0
AMC_584,2.6042012999999997,0,0,0,0,1,0,0,False,0,95.0,95,0,1,0,0,0
AMC_585,4.7365732000000005,0,0,0,0,0,0,0,False,0,69.0,69,0,0,0,1,0
AMC_586,1.8523261999999998,0,0,0,0,0,0,0,False,0,95.0,95,0,1,0,0,0
AMC_587,3.0664752,0,0,0,0,0,0,0,False,0,nan,OTHER,0,0,0,0,0
AMC_588,16.130098,0,0,0,0,0,0,0,True,0,73.0,73,0,0,1,0,1
AMC_589,0,0,0,0,0,0,0,0,False,0,10.0,OTHER,0,0,0,0,0
AMC_590,2.2059612,0,0,0,0,0,0,0,True,0,405.0,OTHER,0,0,0,0,1
AMC_591,0,0,1.8185673999999998,0,0,0,0,0,True,0,73.0,73,0,0,1,0,1
AMC_592,2.1802217999999995,0,0,0,0,0,0,0,False,0,131.0,131,1,0,0,0,0
AMC_593,0,0,0,0,0,0,0,0,True,0,73.0,73,0,0,1,0,1
AMC_594,2.4407252999999995,0,0,0,0,0,0,0,False,0,127.0,OTHER,0,0,0,0,0
AMC_595,1.7828418000000001,0,0,0,0,0,0,0,True,0,1083.0,OTHER,0,0,0,0,1
AMC_596,0,0,0,0,0,0,0,0,False,0,73.0,73,0,0,1,0,0
AMC_597,0,0,0,0,0,0,0,0,False,0,7348.0,OTHER,0,0,0,0,0
AMC_598,2.3849301,0,0,0,0,0,0,0,False,0,131.0,131,1,0,0,0,0
AMC_599,0,0,0,0,0,0,0,0,False,0,141.0,OTHER,0,0,0,0,0
AMC_600,1.4453638,0,0,0,0,0,0,0,False,0,95.0,95,0,1,0,0,0
AMC_601,0,0,0,0,0,0,0,0,False,0,362.0,OTHER,0,0,0,0,0
AMC_602,0,0,0,0,0,0,0,0,False,0,5331.0,OTHER,0,0,0,0,0
AMC_603,0,0,0,0,0,0,0,0,True,0,95.0,95,0,1,0,0,1
AMC_604,0,0,1.7540855,0,0,0,0,0,True,0,73.0,73,0,0,1,0,1
AMC_605,1.6108596000000002,0,0,0,0,0,1,0,False,0,73.0,73,0,0,1,0,0
AMC_606,7.3943095,0,0,0,0,0,0,0,True,0,10.0,OTHER,0,0,0,0,1
AMC_607,0,0,0,0,0,0,0,0,False,0,95.0,95,0,1,0,0,0
AMC_608,0,0,0,0,0,0,0,0,False,0,144.0,OTHER,0,0,0,0,0
AMC_609,2.7774582000000003,0,0,0,0,0,1,0,True,0,144.0,OTHER,0,0,0,0,1
AMC_610,2.8610767999999998,0,0,0,0,0,0,0,True,0,69.0,69,0,0,0,1,1
AMC_611,2.0294452,0,0,0,0,0,0,0,False,0,95.0,95,0,1,0,0,0
AMC_612,2.1712743999999997,0,0,0,0,0,0,0,True,0,131.0,131,1,0,0,0,1
AMC_613,0,0,0,0,0,1,0,0,False,0,131.0,131,1,0,0,0,0
AMC_614,0,0,0,0,0,0,0,0,False,0,59.0,OTHER,0,0,0,0,0
AMC_615,3.3048446000000005,0,0,0,1,0,0,0,True,0,95.0,95,0,1,0,0,1
AMC_616,0,0,0,0,0,0,0,0,False,0,95.0,95,0,1,0,0,0
AMC_617,1.9432273999999998,0,0,0,0,0,0,0,True,0,58.0,OTHER,0,0,0,0,1
AMC_618,1.913734,0,0,0,0,0,0,0,False,0,131.0,131,1,0,0,0,0
AMC_619,2.2215159,0,0,0,0,0,1,0,True,0,12.0,OTHER,0,0,0,0,1
AMC_620,1.6820868999999998,0,0,0,0,0,0,0,False,0,95.0,95,0,1,0,0,0
AMC_621,0,0,0,0,1,0,1,0,False,0,69.0,69,0,0,0,1,0
AMC_622,2.1846678,0,0,0,0,0,0,0,False,0,14.0,OTHER,0,0,0,0,0
AMC_623,0,0,0,0,0,0,0,0,False,0,69.0,69,0,0,0,1,0
AMC_624,1.9181663,0,0,0,0,0,0,0,True,0,69.0,69,0,0,0,1,1
AMC_625,0,0,0,0,0,0,0,0,False,0,131.0,131,1,0,0,0,0
AMC_626,13.282537,0,0,0,0,0,0,0,True,0,73.0,73,0,0,1,0,1
AMC_627,0,0,0,0,0,0,0,0,False,0,nan,OTHER,0,0,0,0,0
AMC_628,0,0,0,0,0,0,0,0,False,0,404.0,OTHER,0,0,0,0,0
AMC_629,2.4382021000000003,0,0,0,0,0,1,0,False,1,429.0,OTHER,0,0,0,0,0
AMC_630,0,0,0,0,0,0,0,0,False,0,73.0,73,0,0,1,0,0
AMC_631,0,0,0,0,0,0,0,0,True,0,929.0,OTHER,0,0,0,0,1
AMC_632,1.7372936999999997,1.1135313999999998,0,1.1042905,0,0,0,0,True,0,131.0,131,1,0,0,0,1
AMC_633,2.2005863,0,0,0,0,0,0,0,False,0,69.0,69,0,0,0,1,0
AMC_634,15.877639000000002,0,0,0,0,0,0,0,False,0,23.0,OTHER,0,0,0,0,0
AMC_635,2.0405157,0,0,0,0,0,0,0,True,0,12.0,OTHER,0,0,0,0,1
AMC_636,1.9704031000000002,0,0,0,0,0,0,0,True,0,131.0,131,1,0,0,0,1
AMC_637,0,0,0,0,1,0,0,0,True,0,69.0,69,0,0,0,1,1
AMC_638,12.139535,0,0,0,0,0,0,0,False,0,69.0,69,0,0,0,1,0
AMC_639,2.1256282000000004,0,0,0,0,0,0,0,False,0,69.0,69,0,0,0,1,0
AMC_640,0,0,0,0,0,0,0,0,False,0,95.0,95,0,1,0,0,0
AMC_641,0,0,0,0,0,0,0,0,False,0,10.0,OTHER,0,0,0,0,0
AMC_642,0,0,0,0,0,0,0,0,False,0,95.0,95,0,1,0,0,0
AMC_643,0,0,0,0,0,0,0,0,False,0,80.0,OTHER,0,0,0,0,0
AMC_644,0,0,0,0,1,0,0,0,False,0,636.0,OTHER,0,0,0,0,0
AMC_645,1.3622508,0,0,0,0,0,0,0,True,0,537.0,OTHER,0,0,0,0,1
AMC_646,1.9899968000000001,0,0,0,0,0,0,0,False,0,95.0,95,0,1,0,0,0
AMC_647,3.9810429,0,0,0,0,0,0,0,True,0,80.0,OTHER,0,0,0,0,1
AMC_648,0,0,0,0,0,0,0,0,False,0,399.0,OTHER,0,0,0,0,0
AMC_649,0,0,0,1.4491682,0,0,0,0,True,0,144.0,OTHER,0,0,0,0,1
AMC_650,0,0,0,2.6969988,0,0,0,0,True,0,131.0,131,1,0,0,0,1
AMC_651,2.6813929,1.2370063,0,0,0,0,0,1,False,0,38.0,OTHER,0,0,0,0,0
AMC_652,2.0311527,0,0,0,0,0,0,0,True,0,58.0,OTHER,0,0,0,0,1
AMC_653,0,0,0,0,0,0,0,0,False,0,640.0,OTHER,0,0,0,0,0
AMC_654,2.1739986,0,0,0,0,0,0,0,False,0,162.0,OTHER,0,0,0,0,0
AMC_655,27.698040000000002,0,0,0,0,0,0,0,False,0,1262.0,OTHER,0,0,0,0,0
AMC_656,4.0446553,0,0,0,0,0,1,0,False,0,73.0,73,0,0,1,0,0
AMC_657,0,0,0,0,0,0,0,0,False,0,88.0,OTHER,0,0,0,0,0
AMC_658,0,0,0,0,0,0,0,0,False,0,nan,OTHER,0,0,0,0,0
AMC_659,0,0,0,0,0,0,0,0,False,0,131.0,131,1,0,0,0,0
AMC_660,1.8934828000000001,0,0,0,0,0,0,0,True,0,127.0,OTHER,0,0,0,0,1
AMC_661,0,0,0,0,0,0,0,0,False,0,95.0,95,0,1,0,0,0
AMC_662,0,0,0,0,0,0,0,0,False,0,12.0,OTHER,0,0,0,0,0
AMC_663,11.598241,0,0,0,0,0,0,0,False,0,80.0,OTHER,0,0,0,0,0
AMC_664,0,0,0,0,0,0,0,0,False,0,59.0,OTHER,0,0,0,0,0
AMC_665,5.562089,0,0,0,0,0,0,0,False,0,117.0,OTHER,0,0,0,0,0
AMC_666,2.0059416000000003,0,0,0,0,0,0,0,True,0,69.0,69,0,0,0,1,1
AMC_667,1.6010638000000001,0,0,0,0,0,0,0,False,1,14.0,OTHER,0,0,0,0,0
AMC_668,0,0,0,0,0,0,0,0,False,0,12.0,OTHER,0,0,0,0,0
AMC_669,9.0477495,0,0,0,0,0,0,0,True,0,12.0,OTHER,0,0,0,0,1
AMC_670,2.6030688,0,0,0,0,0,0,0,True,0,131.0,131,1,0,0,0,1
AMC_671,0,0,0,0,0,0,0,0,False,1,88.0,OTHER,0,0,0,0,0
AMC_672,0,0,1.9068493000000002,0,0,0,0,0,False,0,73.0,73,0,0,1,0,0
AMC_673,2.0756793,0,0,0,0,0,0,0,False,0,69.0,69,0,0,0,1,0
AMC_674,0,0,0,0,0,0,0,0,False,0,127.0,OTHER,0,0,0,0,0
AMC_675,0,0,0,0,0,0,0,0,False,0,59.0,OTHER,0,0,0,0,0
AMC_676,0,0,0,0,0,0,0,0,False,0,720.0,OTHER,0,0,0,0,0
AMC_677,2.077163,0,0,0,0,0,1,0,True,0,95.0,95,0,1,0,0,1
AMC_678,0,0,0,0,0,0,0,0,False,0,127.0,OTHER,0,0,0,0,0
AMC_679,1.9291488,0,0,0,0,0,0,0,False,0,23.0,OTHER,0,0,0,0,0
AMC_680,4.8537989,0,0,0,0,0,0,0,False,0,69.0,69,0,0,0,1,0
AMC_681,0,2.6267892999999995,0,3.6610428999999995,0,0,0,0,True,0,131.0,131,1,0,0,0,1
AMC_682,2.1404657000000005,0,0,0,0,0,0,0,True,0,69.0,69,0,0,0,1,1
AMC_683,1.8429503,0,0,0,0,0,0,0,False,0,10.0,OTHER,0,0,0,0,0
AMC_684,0,0,0,0,0,0,0,0,True,0,34.0,OTHER,0,0,0,0,1
AMC_685,0,0,0,0,0,0,0,0,False,0,14.0,OTHER,0,0,0,0,0
AMC_686,3.2168913,0,0,0,0,0,0,0,True,0,nan,OTHER,0,0,0,0,1
AMC_687,0,0,0,0,0,0,0,0,False,0,5484.0,OTHER,0,0,0,0,0
AMC_688,54.949806,0,0,0,0,0,0,0,True,0,73.0,73,0,0,1,0,1
AMC_689,0,1.7313333,0,2.1746666,0,0,0,0,False,0,131.0,131,1,0,0,0,0
AMC_690,0,0,0,0,0,1,0,1,True,0,88.0,OTHER,0,0,0,0,1
AMC_691,2.0255942,0,0,0,0,0,1,0,False,0,44.0,OTHER,0,0,0,0,0
AMC_692,0,0,0,0,0,0,0,0,False,0,73.0,73,0,0,1,0,0
AMC_693,2.1511586,2.1386807,0,0,0,0,0,0,True,0,131.0,131,1,0,0,0,1
AMC_694,0,0,0,0,0,0,0,0,False,0,127.0,OTHER,0,0,0,0,0
AMC_695,1.611796,0,0,0,0,0,0,0,False,0,131.0,131,1,0,0,0,0
AMC_696,0,0,0,0,0,0,0,0,False,0,5463.0,OTHER,0,0,0,0,0
AMC_697,0,0,0,0,0,0,0,0,False,0,131.0,131,1,0,0,0,0
AMC_698,2.3895185000000003,0,0,0,0,0,0,0,True,0,12.0,OTHER,0,0,0,0,1
AMC_699,0,0,0,0,0,0,0,0,False,0,95.0,95,0,1,0,0,0
AMC_700,5.562965900000001,4.2250371,0,2.8114755000000002,0,0,0,0,True,0,405.0,OTHER,0,0,0,0,1
AMC_701,1.4895942,0,0,0,0,0,0,0,True,0,38.0,OTHER,0,0,0,0,1
AMC_702,0,0,0,0,0,0,0,0,False,0,73.0,73,0,0,1,0,0
AMC_703,0,0,0,0,0,0,0,0,True,0,73.0,73,0,0,1,0,1
AMC_704,0,2.6558382999999997,0,0,0,0,0,0,False,0,131.0,131,1,0,0,0,0
AMC_705,4.344896299999999,0,0,0,0,0,0,0,False,0,131.0,131,1,0,0,0,0
AMC_706,2.663487,0,0,0,0,0,0,0,False,0,404.0,OTHER,0,0,0,0,0
AMC_707,26.314320000000002,0,0,0,0,0,0,0,True,0,131.0,131,1,0,0,0,1
AMC_708,0,0,0,0,0,0,0,0,False,0,538.0,OTHER,0,0,0,0,0
AMC_709,3.6103261,0,0,0,0,0,0,0,False,0,5853.0,OTHER,0,0,0,0,0
AMC_710,0,0,2.0674989,0,0,0,0,0,True,0,12.0,OTHER,0,0,0,0,1
AMC_711,0,0,0,0,0,0,0,0,False,0,141.0,OTHER,0,0,0,0,0
AMC_712,0,0,0,0,0,0,0,0,False,0,399.0,OTHER,0,0,0,0,0
AMC_713,0,0,0,0,0,0,0,0,False,0,73.0,73,0,0,1,0,0
AMC_714,18.50519,0,0,0,0,0,0,0,True,0,399.0,OTHER,0,0,0,0,1
AMC_715,0,0,0,0,0,0,0,0,False,0,56.0,OTHER,0,0,0,0,0
AMC_716,1.7698744999999998,0,0,0,0,0,0,0,True,0,428.0,OTHER,0,0,0,0,1
AMC_717,0,0,0,0,0,0,0,0,False,0,1161.0,OTHER,0,0,0,0,0
AMC_718,0,0,0,0,0,0,0,0,False,0,73.0,73,0,0,1,0,0
AMC_719,0,0,0,0,0,0,0,0,False,0,69.0,69,0,0,0,1,0
AMC_720,0,0,0,0,0,0,0,0,False,0,73.0,73,0,0,1,0,0
AMC_721,0,0,0,0,0,0,0,0,False,0,59.0,OTHER,0,0,0,0,0
AMC_722,1.914495,0,0,0,0,0,1,0,True,0,73.0,73,0,0,1,0,1
AMC_723,0,0,0,0,0,0,0,0,False,0,131.0,131,1,0,0,0,0
AMC_724,0,0,0,0,0,0,0,0,True,0,73.0,73,0,0,1,0,1
AMC_725,1.8442418999999999,0,0,0,0,0,0,0,True,0,131.0,131,1,0,0,0,1
AMC_726,0,0,0,0,0,0,0,0,False,0,73.0,73,0,0,1,0,0
AMC_727,0,0,0,0,0,0,0,0,False,0,95.0,95,0,1,0,0,0
AMC_728,0,0,0,0,0,0,0,0,False,0,73.0,73,0,0,1,0,0
AMC_729,0,0,0,0,0,0,0,0,False,0,23.0,OTHER,0,0,0,0,0
AMC_730,0,0,0,0,0,0,0,0,False,0,141.0,OTHER,0,0,0,0,0
AMC_731,0,0,0,0,0,0,0,0,False,0,73.0,73,0,0,1,0,0
AMC_732,0,0,0,0,0,0,0,0,False,0,12.0,OTHER,0,0,0,0,0
AMC_733,1.9658247,0,0,0,0,0,0,0,False,0,95.0,95,0,1,0,0,0
AMC_734,0,0,0,0,0,0,0,0,True,0,56.0,OTHER,0,0,0,0,1
AMC_735,0,0,1.5135134,0,0,0,0,0,False,0,12.0,OTHER,0,0,0,0,0
AMC_736,0,0,0,0,0,0,0,0,False,0,538.0,OTHER,0,0,0,0,0
AMC_737,3.4907998999999994,0,0,0,0,0,0,0,False,0,6375.0,OTHER,0,0,0,0,0
AMC_738,1.3606558000000002,0,0,0,0,0,0,0,False,0,73.0,73,0,0,1,0,0
AMC_739,0,2.1929824,0,1.5175439,0,0,0,0,True,0,131.0,131,1,0,0,0,1
AMC_740,3.0351498,0,0,0,0,0,0,0,True,0,69.0,69,0,0,0,1,1
AMC_741,0,0,0,0,0,0,0,0,False,0,1057.0,OTHER,0,0,0,0,0
AMC_742,0,0,0,2.7511961,0,0,0,0,False,0,131.0,131,1,0,0,0,0
AMC_743,3.2797203,0,0,0,0,0,0,0,False,0,95.0,95,0,1,0,0,0
AMC_744,0,1.9310346,0,2.4261715,0,0,0,0,False,0,131.0,131,1,0,0,0,0
AMC_745,0,0,0,0,0,0,0,0,False,0,362.0,OTHER,0,0,0,0,0
AMC_746,0,0,0,0,0,0,0,0,False,0,144.0,OTHER,0,0,0,0,0
AMC_747,16.345284,0,0,0,0,0,0,0,True,0,95.0,95,0,1,0,0,1
AMC_748,0,0,0,0,0,0,0,0,False,0,127.0,OTHER,0,0,0,0,0
AMC_749,0,2.3636837,0,2.4547346,0,0,0,0,False,0,131.0,131,1,0,0,0,0
AMC_750,2.5038652000000003,0,0,0,0,0,0,0,False,0,131.0,131,1,0,0,0,0
AMC_751,2.1351788,1.367643,0,1.1230853,0,0,0,0,False,0,131.0,131,1,0,0,0,0
AMC_752,1.2333333,0,0,0,0,0,0,0,False,0,69.0,69,0,0,0,1,0
AMC_753,0,0,0,0,0,0,0,0,False,0,69.0,69,0,0,0,1,0
AMC_754,0,0,0,0,0,0,0,0,False,1,2973.0,OTHER,0,0,0,0,0
AMC_755,2.3897338,0,0,0,0,0,0,0,False,0,95.0,95,0,1,0,0,0
AMC_756,3.2287235,0,0,0,0,0,0,0,True,0,73.0,73,0,0,1,0,1
AMC_757,0,0,0,0,0,0,0,0,False,0,95.0,95,0,1,0,0,0
AMC_758,2.1924105,1.0026723,0,0,0,0,0,0,False,0,2141.0,OTHER,0,0,0,0,0
AMC_759,0,0,0,0,0,0,0,0,False,0,405.0,OTHER,0,0,0,0,0
AMC_760,7.809435799999999,0,0,0,0,0,0,0,True,0,69.0,69,0,0,0,1,1
AMC_761,1.9021169999999998,0,0,0,0,0,0,0,False,0,73.0,73,0,0,1,0,0
AMC_762,12.125896000000001,0,0,0,0,0,0,0,True,0,69.0,69,0,0,0,1,1
AMC_763,0,0,0,0,0,0,0,0,False,0,14.0,OTHER,0,0,0,0,0
AMC_764,0,0,0,0,0,0,0,0,False,0,7630.0,OTHER,0,0,0,0,0
AMC_765,0,0,0,0,0,0,0,0,False,0,106.0,OTHER,0,0,0,0,0
AMC_766,0,0,0,0,0,0,0,0,False,0,58.0,OTHER,0,0,0,0,0
AMC_767,0,0,0,0,0,0,0,0,True,0,357.0,OTHER,0,0,0,0,1
AMC_768,3.7971196000000003,0,0,0,0,0,0,0,False,0,95.0,95,0,1,0,0,0
AMC_769,0,0,0,0,1,0,0,0,False,0,95.0,95,0,1,0,0,0
AMC_770,0,0,0,0,0,0,0,0,False,0,144.0,OTHER,0,0,0,0,0
AMC_771,0,0,0,0,0,0,0,0,False,0,73.0,73,0,0,1,0,0
AMC_772,1.9656036,1.1644778,0,1.2476548,0,0,0,0,True,0,131.0,131,1,0,0,0,1
AMC_773,0,0,0,0,0,0,0,0,False,0,95.0,95,0,1,0,0,0
AMC_774,2.1387862999999996,0,0,0,0,0,0,0,True,0,131.0,131,1,0,0,0,1
AMC_775,1.9928571,0,0,0,0,0,1,0,True,0,131.0,131,1,0,0,0,1
AMC_776,0,0,0,0,0,0,0,0,False,0,12.0,OTHER,0,0,0,0,0
AMC_777,0,0,0,0,0,0,0,0,False,0,127.0,OTHER,0,0,0,0,0
AMC_778,0,0,0,0,1,0,1,1,True,0,38.0,OTHER,0,0,0,0,1
AMC_779,16.151192,0,0,0,0,0,0,0,True,0,95.0,95,0,1,0,0,1
AMC_780,0,0,0,0,0,0,0,0,False,0,135.0,OTHER,0,0,0,0,0
AMC_781,0,0,0,0,0,0,0,0,False,0,2020.0,OTHER,0,0,0,0,0
AMC_782,0,1.0008124,0,1.2396425,0,0,0,0,True,0,131.0,131,1,0,0,0,1
AMC_783,0,0,0,0,0,0,0,0,False,0,3202.0,OTHER,0,0,0,0,0
AMC_784,0,0,0,0,0,0,0,0,False,0,1618.0,OTHER,0,0,0,0,0
AMC_785,1.4816625,0,0,0,0,0,0,0,False,0,88.0,OTHER,0,0,0,0,0
AMC_786,0,0,0,0,0,0,0,0,False,0,69.0,69,0,0,0,1,0
AMC_787,1.2741935,0,0,0,0,0,1,0,True,0,12.0,OTHER,0,0,0,0,1
AMC_788,0,0,0,0,0,0,0,0,False,0,421.0,OTHER,0,0,0,0,0
AMC_789,0,0,0,0,0,0,0,0,False,0,80.0,OTHER,0,0,0,0,0
AMC_790,0,0,0,0,0,0,0,0,False,0,58.0,OTHER,0,0,0,0,0
AMC_791,0,0,0,0,0,0,0,0,False,0,83.0,OTHER,0,0,0,0,0
AMC_792,0,0,0,0,0,0,0,0,False,0,358.0,OTHER,0,0,0,0,0
AMC_793,2.1413195,0,0,0,0,0,0,0,True,0,12.0,OTHER,0,0,0,0,1
AMC_794,0,0,0,0,0,0,0,0,False,0,73.0,73,0,0,1,0,0
AMC_795,0,0,0,0,0,0,0,0,False,0,550.0,OTHER,0,0,0,0,0
AMC_796,7.4760704,0,0,0,0,0,0,0,True,0,69.0,69,0,0,0,1,1
AMC_797,0,0,0,0,0,1,0,0,False,0,667.0,OTHER,0,0,0,0,0
AMC_798,0,0,0,0,0,0,0,0,False,0,4260.0,OTHER,0,0,0,0,0
AMC_799,0,0,0,1.5067827,0,0,0,1,True,0,950.0,OTHER,0,0,0,0,1
AMC_800,0,0,0,0,0,0,0,0,False,0,58.0,OTHER,0,0,0,0,0
AMC_801,0,0,0,0,0,0,0,0,False,0,69.0,69,0,0,0,1,0
AMC_802,5.8124394,0,0,0,0,0,0,0,False,0,117.0,OTHER,0,0,0,0,0
AMC_803,0,0,0,0,0,0,0,0,False,0,127.0,OTHER,0,0,0,0,0
AMC_804,0,0,0,0,0,0,0,0,False,0,363.0,OTHER,0,0,0,0,0
AMC_805,24.023048,0,0,0,0,0,1,1,True,0,58.0,OTHER,0,0,0,0,1
AMC_806,11.350173,0,0,0,0,0,0,0,False,0,83.0,OTHER,0,0,0,0,0
AMC_807,0,0,0,0,0,0,0,0,True,0,131.0,131,1,0,0,0,1
AMC_808,0,0,0,0,0,0,0,0,False,0,95.0,95,0,1,0,0,0
AMC_809,2.0027645,0,0,0,0,0,0,0,False,0,69.0,69,0,0,0,1,0
AMC_810,0,0,0,0,0,0,0,0,False,0,95.0,95,0,1,0,0,0
AMC_811,0,0,0,0,0,0,0,0,True,0,73.0,73,0,0,1,0,1
AMC_812,7.121411800000001,0,0,0,0,0,0,0,False,0,69.0,69,0,0,0,1,0
AMC_813,2.2062953,0,0,0,0,0,0,0,False,0,69.0,69,0,0,0,1,0
AMC_814,3.9474663999999997,0,0,0,0,0,0,0,True,0,491.0,OTHER,0,0,0,0,1
AMC_815,0,0,0,0,1,0,0,0,False,1,131.0,131,1,0,0,0,0
AMC_816,8.349575999999999,0,0,0,0,0,0,0,True,0,73.0,73,0,0,1,0,1
AMC_817,0,0,0,0,0,0,0,0,False,0,538.0,OTHER,0,0,0,0,0
AMC_818,0,0,0,0,0,0,0,0,False,0,73.0,73,0,0,1,0,0
AMC_819,2.1389771,0,0,0,0,0,0,0,False,0,131.0,131,1,0,0,0,0
AMC_820,0,0,0,0,0,0,0,0,False,0,127.0,OTHER,0,0,0,0,0
AMC_821,0,0,0,0,0,0,0,0,False,0,69.0,69,0,0,0,1,0
AMC_822,17.553371,0,0,0,0,0,0,0,False,0,131.0,131,1,0,0,0,0
AMC_823,0,0,0,0,0,0,0,0,False,0,69.0,69,0,0,0,1,0
AMC_824,2.2904785,0,0,0,0,0,0,1,True,0,131.0,131,1,0,0,0,1
AMC_825,1.1323807,0,0,0,0,0,1,0,False,0,372.0,OTHER,0,0,0,0,0
AMC_826,0,0,0,0,0,0,0,0,False,0,12.0,OTHER,0,0,0,0,0
AMC_827,0,0,0,0,0,0,0,0,False,0,73.0,73,0,0,1,0,0
AMC_828,0,0,0,1.4527511999999998,0,0,0,0,True,0,127.0,OTHER,0,0,0,0,1
AMC_829,0,0,0,0,0,0,0,0,True,0,453.0,OTHER,0,0,0,0,1
AMC_830,0,0,0,0,0,0,0,0,False,0,2248.0,OTHER,0,0,0,0,0
AMC_831,0,0,0,0,0,0,0,0,False,0,73.0,73,0,0,1,0,0
AMC_832,1.7925171000000002,0,0,0,0,0,0,0,False,0,95.0,95,0,1,0,0,0
AMC_833,1.6151031999999999,0,0,0,0,0,0,0,False,0,95.0,95,0,1,0,0,0
AMC_834,4.655613400000001,0,0,0,0,0,0,0,False,0,131.0,131,1,0,0,0,0
AMC_835,0,0,0,0,0,0,0,0,False,0,73.0,73,0,0,1,0,0
AMC_836,0,0,0,0,0,0,0,0,False,0,10.0,OTHER,0,0,0,0,0
AMC_837,3.9902197999999998,0,0,0,0,0,0,0,False,0,7515.0,OTHER,0,0,0,0,0
AMC_838,1.7661453,0,0,0,0,0,1,0,False,0,73.0,73,0,0,1,0,0
AMC_839,5.0069246,0,0,0,0,0,0,0,False,0,nan,OTHER,0,0,0,0,0
AMC_840,1.8156461,0,0,0,0,0,0,0,False,0,131.0,131,1,0,0,0,0
AMC_841,0,0,0,0,0,0,0,0,False,0,69.0,69,0,0,0,1,0
AMC_842,0,0,0,0,0,0,0,0,False,0,95.0,95,0,1,0,0,0
AMC_843,1.9749918999999998,0,0,0,0,0,0,0,True,0,73.0,73,0,0,1,0,1
AMC_844,2.7304964,0,0,0,0,0,0,0,False,0,95.0,95,0,1,0,0,0
AMC_845,2.0205227999999997,0,0,0,0,0,0,0,False,0,73.0,73,0,0,1,0,0
AMC_846,0,0,0,0,0,0,0,0,False,0,28.0,OTHER,0,0,0,0,0
AMC_847,3.4737437000000004,0,0,0,0,0,0,0,False,0,394.0,OTHER,0,0,0,0,0
AMC_848,0,0,0,0,0,0,0,0,False,0,73.0,73,0,0,1,0,0
AMC_849,0,0,0,0,0,0,0,0,True,0,73.0,73,0,0,1,0,1
AMC_850,3.0534351,0,0,0,0,0,0,0,True,0,69.0,69,0,0,0,1,1
AMC_851,2.2569592000000003,0,0,0,0,0,0,0,False,0,73.0,73,0,0,1,0,0
AMC_852,1.0625308,0,0,0,0,0,0,0,True,0,131.0,131,1,0,0,0,1
AMC_853,0,0,0,0,0,0,0,0,False,0,2622.0,OTHER,0,0,0,0,0
AMC_854,2.9153674,0,0,0,0,0,0,0,False,0,95.0,95,0,1,0,0,0
AMC_855,0,0,0,0,0,0,0,0,False,0,1771.0,OTHER,0,0,0,0,0
AMC_856,2.4949915000000003,2.2116024,0,0,0,0,0,0,False,0,131.0,131,1,0,0,0,0
AMC_857,0,0,0,0,0,0,0,0,False,0,23.0,OTHER,0,0,0,0,0
AMC_858,0,0,0,0,0,0,0,0,True,0,12.0,OTHER,0,0,0,0,1
AMC_859,1.468593,0,0,0,0,0,0,0,True,0,69.0,69,0,0,0,1,1
AMC_860,2.5935132999999997,0,0,0,0,0,0,0,True,0,131.0,131,1,0,0,0,1
AMC_861,0,0,0,0,0,0,0,0,False,0,73.0,73,0,0,1,0,0
AMC_862,0,0,0,0,0,0,0,0,False,0,95.0,95,0,1,0,0,0
AMC_863,0,0.93735939,0,0,0,0,0,0,False,0,421.0,OTHER,0,0,0,0,0
AMC_864,0,0,0,0,0,0,0,0,False,0,23.0,OTHER,0,0,0,0,0
AMC_865,1.4416984,0,0,0,0,0,1,0,True,0,12.0,OTHER,0,0,0,0,1
AMC_866,12.394464,0,0,0,0,0,1,0,False,0,14.0,OTHER,0,0,0,0,0
AMC_867,0,0,0,0,0,0,0,0,True,0,95.0,95,0,1,0,0,1
AMC_868,0,0,1.6356182,0,0,0,0,0,False,0,73.0,73,0,0,1,0,0
AMC_869,2.3570769,0,0,0,0,0,0,0,False,0,144.0,OTHER,0,0,0,0,0
AMC_870,0,0,0,0,0,0,0,0,False,0,12.0,OTHER,0,0,0,0,0
AMC_871,0,0,0,0,0,0,0,0,False,0,607.0,OTHER,0,0,0,0,0
AMC_872,1.7755967000000001,0,0,0,0,0,0,0,False,0,73.0,73,0,0,1,0,0
AMC_873,3.5591807,0,0,0,0,0,0,0,False,0,12.0,OTHER,0,0,0,0,0
AMC_874,0,1.0989246000000001,0,3.2275267000000003,0,0,0,0,False,0,131.0,131,1,0,0,0,0
AMC_875,33.265685999999995,0,0,0,0,0,0,0,True,0,88.0,OTHER,0,0,0,0,1
AMC_876,32.607506,0,0,0,0,0,1,0,True,0,372.0,OTHER,0,0,0,0,1
AMC_877,0,0,0,0,0,0,0,0,False,0,127.0,OTHER,0,0,0,0,0
AMC_878,1.8755796999999998,1.2815825,0,0,0,0,0,0,False,0,131.0,131,1,0,0,0,0
AMC_879,2.1525145,0,0,0,0,0,1,0,True,0,95.0,95,0,1,0,0,1
AMC_880,2.848125,0,0,0,0,0,1,0,True,0,nan,OTHER,0,0,0,0,1
AMC_881,10.956522,0,0,0,0,0,0,0,False,0,73.0,73,0,0,1,0,0
AMC_882,0,0,0,0,0,0,0,0,False,0,95.0,95,0,1,0,0,0
AMC_883,2.2260823,0.8567610999999999,0,0,0,0,0,0,False,0,69.0,69,0,0,0,1,0
AMC_884,2.0796881000000003,0,0,0.85794717,0,0,0,1,True,0,88.0,OTHER,0,0,0,0,1
AMC_885,0,0,0,0,0,0,0,0,False,0,73.0,73,0,0,1,0,0
AMC_886,0,0,0,0,0,0,0,0,False,0,68.0,OTHER,0,0,0,0,0
AMC_887,0,0,0,0,0,0,0,0,False,0,nan,OTHER,0,0,0,0,0
AMC_888,0,0,0,0,0,0,0,0,False,0,136.0,OTHER,0,0,0,0,0
AMC_889,18.679385999999997,0,0,0,0,0,0,0,False,0,73.0,73,0,0,1,0,0
AMC_890,0,0,0,0,0,0,0,0,False,0,131.0,131,1,0,0,0,0
AMC_891,0,0,0,0,0,0,0,0,False,0,69.0,69,0,0,0,1,0
AMC_892,0,0,0,0,0,0,0,0,False,1,421.0,OTHER,0,0,0,0,0
AMC_893,1.5014492,0,0,0,0,1,0,0,False,0,12.0,OTHER,0,0,0,0,0
AMC_894,1.8783720000000002,0,0,0,0,0,0,0,False,0,69.0,69,0,0,0,1,0
AMC_895,1.8260869999999998,0,0,0,0,0,1,0,False,0,73.0,73,0,0,1,0,0
AMC_896,1.9132758,0,0,0,0,0,0,0,False,0,1193.0,OTHER,0,0,0,0,0
AMC_897,0,2.8641919999999996,0,2.4912662999999995,0,0,0,0,True,0,131.0,131,1,0,0,0,1
AMC_898,10.988092,0,0,0,0,0,0,0,False,0,681.0,OTHER,0,0,0,0,0
AMC_899,3.7965293,0,0,0,0,0,0,0,False,0,131.0,131,1,0,0,0,0
AMC_900,0,1.3510586000000002,0,1.4337764,0,0,0,0,False,0,131.0,131,1,0,0,0,0
AMC_901,0,0,0,0,0,0,0,0,False,0,453.0,OTHER,0,0,0,0,0
AMC_902,2.4502482000000003,0,0,0,0,0,0,0,True,0,69.0,69,0,0,0,1,1
AMC_903,9.748654400000001,0,0,0,0,0,0,0,False,0,746.0,OTHER,0,0,0,0,0
AMC_904,2.1511432999999998,0,0,0,0,0,1,0,True,0,73.0,73,0,0,1,0,1
AMC_905,2.5226109,0,0,0,0,0,0,0,False,0,69.0,69,0,0,0,1,0
AMC_906,1.8663944,0,0,0,0,0,0,0,False,0,1946.0,OTHER,0,0,0,0,0
AMC_907,1.3602976,0,0,0,0,0,0,0,False,0,73.0,73,0,0,1,0,0
AMC_908,2.0538657,0,0,0,0,0,0,0,False,0,131.0,131,1,0,0,0,0
AMC_909,0,0,0,0,0,0,0,0,False,0,1722.0,OTHER,0,0,0,0,0
AMC_910,2.4025126,0,0,0,0,0,0,0,False,0,131.0,131,1,0,0,0,0
AMC_911,0,0,0,0,0,0,0,0,True,0,73.0,73,0,0,1,0,1
AMC_912,0,0,0,0,0,0,0,0,False,0,95.0,95,0,1,0,0,0
AMC_913,0,0,0,0,0,0,0,0,False,0,127.0,OTHER,0,0,0,0,0
AMC_914,0,0,0,0,0,0,0,0,False,0,69.0,69,0,0,0,1,0
AMC_915,0,2.2612902999999998,0,0,1,0,0,0,True,0,345.0,OTHER,0,0,0,0,1
AMC_916,0,0,0,0,0,1,0,0,True,0,nan,OTHER,0,0,0,0,1
AMC_917,19.31917,0,0,0,0,0,0,0,False,0,10.0,OTHER,0,0,0,0,0
AMC_918,0,3.7830186,0,0,0,0,0,0,True,0,1193.0,OTHER,0,0,0,0,1
AMC_919,0,0,0,0,0,0,0,0,True,0,144.0,OTHER,0,0,0,0,1
AMC_920,0,0,0,0,0,0,0,0,False,0,10.0,OTHER,0,0,0,0,0
AMC_921,21.027975,0,0,0,0,0,0,0,True,0,367.0,OTHER,0,0,0,0,1
AMC_922,0,0,0,0,0,0,0,0,False,0,nan,OTHER,0,0,0,0,0
AMC_923,0,0,0,0,0,0,0,0,False,0,14.0,OTHER,0,0,0,0,0
AMC_924,1.2860286,0,0,0,0,0,0,0,False,0,2279.0,OTHER,0,0,0,0,0
AMC_925,0,0,0,0,1,0,0,0,True,0,131.0,131,1,0,0,0,1
AMC_926,2.6713185,0,16.267611,0,0,0,0,0,False,0,12.0,OTHER,0,0,0,0,0
AMC_927,0,0,0,0,0,0,0,0,False,0,540.0,OTHER,0,0,0,0,0
AMC_928,0,0,0,0,0,1,0,0,True,0,73.0,73,0,0,1,0,1
AMC_929,0,0,0,0,0,0,0,0,True,0,1049.0,OTHER,0,0,0,0,1
AMC_930,1.9694825,0,0,0,0,0,0,0,False,0,69.0,69,0,0,0,1,0
AMC_931,2.177021,0,0,0,0,0,0,0,True,0,69.0,69,0,0,0,1,1
AMC_932,0,0,0,0,0,0,0,0,False,0,978.0,OTHER,0,0,0,0,0
AMC_933,1.4265404,0,0,0,0,0,0,0,False,0,12.0,OTHER,0,0,0,0,0
AMC_934,2.0602548,0,0,0,0,0,0,0,True,0,95.0,95,0,1,0,0,1
AMC_935,3.8962263999999998,2.3141917999999997,0,0,0,0,1,0,True,0,131.0,131,1,0,0,0,1
AMC_936,0,0,0,1.2439759,0,0,0,0,True,0,410.0,OTHER,0,0,0,0,1
AMC_937,0,0,0,5.280738400000001,0,0,0,0,False,0,131.0,131,1,0,0,0,0
AMC_938,6.099077200000001,0,0,0,0,0,0,0,True,0,117.0,OTHER,0,0,0,0,1
AMC_939,0,0,0,1.4996256000000001,0,0,0,0,True,0,131.0,131,1,0,0,0,1
AMC_940,0,0,0,0,0,0,0,0,False,0,73.0,73,0,0,1,0,0
AMC_941,0,0,0,0,0,0,0,0,False,0,127.0,OTHER,0,0,0,0,0
AMC_942,2.3635523,0,0,0,0,0,0,0,False,0,127.0,OTHER,0,0,0,0,0
AMC_943,0,0,0,0,0,0,0,0,False,0,416.0,OTHER,0,0,0,0,0
AMC_944,1.5102195,0,0,0,0,0,0,0,False,0,12.0,OTHER,0,0,0,0,0
AMC_945,0,0,0,0,0,0,0,0,False,0,10.0,OTHER,0,0,0,0,0
AMC_946,5.2700992,0,0,0,0,0,0,0,False,0,88.0,OTHER,0,0,0,0,0
AMC_947,3.4934745000000005,0,0,0,0,0,0,0,True,0,80.0,OTHER,0,0,0,0,1
AMC_948,1.3187745000000002,1.2046936000000001,0,0,0,0,0,0,True,0,131.0,131,1,0,0,0,1
AMC_949,1.8963531999999999,0,0,0,0,0,0,0,False,0,69.0,69,0,0,0,1,0
AMC_950,0,2.279371,0,0,0,0,0,0,True,0,131.0,131,1,0,0,0,1
AMC_951,1.8272552,0,0,0,0,0,0,0,False,0,1193.0,OTHER,0,0,0,0,0
AMC_952,1.3094371999999999,0,0,0,0,0,1,0,False,0,nan,OTHER,0,0,0,0,0
AMC_953,0,0,0,0,0,0,0,0,False,0,144.0,OTHER,0,0,0,0,0
AMC_954,0,0,0,0,0,0,0,0,False,0,69.0,69,0,0,0,1,0
AMC_955,1.9549549,0,0,0,0,0,0,0,True,0,95.0,95,0,1,0,0,1
AMC_956,0,0,0,0,0,1,0,0,False,0,416.0,OTHER,0,0,0,0,0
AMC_957,0,0,0,0,0,0,0,0,False,0,140.0,OTHER,0,0,0,0,0
AMC_958,2.7747748,0,0,0,0,0,0,0,True,0,95.0,95,0,1,0,0,1
AMC_959,0,0,0,0,0,0,0,0,False,0,131.0,131,1,0,0,0,0
AMC_960,9.1327486,0,0,0,0,0,0,0,True,0,59.0,OTHER,0,0,0,0,1
AMC_961,0,2.7605633999999997,0,3.3879642,0,0,0,0,True,0,131.0,131,1,0,0,0,1
AMC_962,3.4688763999999996,0,0,0,0,0,0,0,False,0,73.0,73,0,0,1,0,0
AMC_963,0,0,0,0,0,0,0,0,False,0,420.0,OTHER,0,0,0,0,0
AMC_964,3.3109653,0,0,0,0,0,0,0,True,0,404.0,OTHER,0,0,0,0,1
AMC_965,0,0,0,0,0,0,0,0,False,0,nan,OTHER,0,0,0,0,0
AMC_966,0,0,0,0,0,0,0,0,True,0,349.0,OTHER,0,0,0,0,1
AMC_967,0,0,0,0,0,0,0,0,False,0,69.0,69,0,0,0,1,0
AMC_968,0,0,0,0,0,0,0,0,False,0,10.0,OTHER,0,0,0,0,0
AMC_969,0,1.6584895,0,2.1329892000000004,0,0,0,0,True,0,131.0,131,1,0,0,0,1
AMC_970,0,0,0,0,0,0,0,0,False,0,12.0,OTHER,0,0,0,0,0
AMC_971,6.317284099999999,0,0,0,0,0,0,0,False,0,131.0,131,1,0,0,0,0
AMC_972,0,0,0,0,0,0,0,0,False,0,127.0,OTHER,0,0,0,0,0
AMC_973,2.153327,0,0,0,0,0,0,0,False,0,69.0,69,0,0,0,1,0
AMC_974,0,2.7777008999999997,0,0,0,0,0,0,False,0,602.0,OTHER,0,0,0,0,0
AMC_975,0,0,0,0.69022346,0,0,0,0,False,0,131.0,131,1,0,0,0,0
